Sl. No.,Title,Author,Gender,Authorship type,State,Subject Area,Year,Flesch Reading Ease score,,Gunning Fog,,Flesch-Kincaid Grade Level,,The Coleman-Liau Index,,The SMOG Index,,Automated Readability Index,,,Linsear Write Formula,,Readability Consensus,,,
,,,,,,,,Score,Category,Score,Category,Grade Level,Category,Index,Category,Index,Grade,Index,Category,Reader's Age,Index,Grade,Index,Category,Grade,Reader's Age
1,"	Unravelling The Human Genome: An Indian Breakthrough","	Datta, Sukanya",0,Single ,West Bengal,Genomics,2010,42.4,Difficult to read,13.3,Hard to read,"
12.1
",Twelfth Grade,11,Eleventh Grade,"
 11
",Eleventh Grade,11.4,Tenth to Eleventh Graders,15-17 yrs,13.1,College,12,Difficult to read,Twelfth Grade,17-18 yrs
2,Adding Fizz to Science! Changing Role of Science Museums & Science Centers,"Panda, Jayanarayan",1,Combined,Odisha,General Science,2010,34,Difficult to read,15,Hard to read,13.3,College,14,College,12.2,Twelfth Grade,"
13.7
",College,21-22 yrs,14.2,College,13,Difficult to read,College level entry,18-19 yrs
3,Adding Fizz to Science! Changing Role of Science Museums & Science Centers,"Mohanty, Bikash Ranjan",1,Combined,Odisha,General Science,2010,34,Difficult to read,15,Hard to read,13.3,College,14,College,12.2,Twelfth Grade,"
13.7
",College,21-22 yrs,14.2,College,13,Difficult to read,College level entry,18-19 yrs
4,The Science of Sherlock Holmes,"	Arunkumar, N.S.",1,Single ,Kerala,Forensic Science,2010,59.6,Standard / Average.,13.4,Hard to read,11.1,Eleventh Grade,5,Fifth Grade,9.6,Tenth Grade,"8.9
",Eighth and Ninth Graders,13-15 yrs,15,College,10,Standard / Average,Ninth to Tenth Graders,14-15 yrs
5,Airports at Risk,"Murthy, M. S. S.",1,Single ,Karnataka,Physical science,2010,50.3,Fairly difficult to read,13.8,Hard to read,10.7,Eleventh Grade,11,Eleventh Grade,10.3,Tenth Grade,10.4,Ninth to Tenth Graders,14-15 yrs,12.1,Twelfth Grade,11,Fairly difficult to read,Tenth to Eleventh Graders,15-17 yrs
6,Biodiversity Conservation-Protecting Species Before They Are Gone,"Singh, Arvind",1,Single ,Uttar Pradesh,Biodiversity,2010," 29.7 
",Difficult to read,15.3,Hard to read,13.2,College,14,College,11.8,Twelfth Grade,12.3,Twelfth Grade,17-18 yrs,"12.4
",Twelfth Grade,13,Difficult to read,College level entry,18-19 yrs
7,The Killing Fields of Alang!,"Kumbhare, Prakash",1,Combined,Maharashtra,Environmental issues,2010,47.4,Difficult to read,15.3,Hard to read,12.6,College,8,Eighth grade,11.6,Twelfth Grade,11,Tenth to Eleventh Graders,15-17 yrs,16,College Graduate and above.,12,Difficult to read,Twelfth Grade,17-18 yrs
8,The Killing Fields of Alang!,"Ghosh, Arindam",1,Combined,Maharashtra,Environmental issues,2010,47.4,Difficult to read,15.3,Hard to read,12.6,College,8,Eighth grade,11.6,Twelfth Grade,11,Tenth to Eleventh Graders,15-17 yrs,16,College Graduate and above.,12,Difficult to read,Twelfth Grade,17-18 yrs
9,Measuring Rainfall,"Balasubramanian, K.V.",1,Single ,Tamil Nadu,Meterology,2010,57.4,Fairly difficult to read,10.9,Hard to read,9.1,Ninth Grade,9,Ninth Grade,8.8,Ninth Grade,7.9,Seventh to Eighth Graders,12-14 yrs,9,Ninth Grade,9,Fairly difficult to read,Eighth to Ninth Graders,13-15 yrs
10,There Goes ?The Elixir Of Life??Water!,"Agrawal, K.P.",1,Single ,Delhi,Environmental issues,2010,57,Fairly difficult to read,11.4,Hard to read,9.6,Tenth Grade,7,Seventh Grade,8.9,Ninth Grade,7.2,Sixth to Seventh Graders,11-13 yrs,11,Eleventh Grade,9,Fairly difficult to read,Eighth to Ninth Graders,13-15 yrs
11,Rising Seas & Receding Islands,"Kumar, A. Biju",1,Single ,Kerala,Environmental issues,2010,34.6,Difficult to read,15.2,Hard to read,13.6,College,13,College,11.7,Twelfth Grade,13.5,College,21-22 yrs,14.5,College,14,Difficult to read,College,21-22 yrs
12,Hi-Tech Sports- Technological Revolution In Sports,"Arun Kumar, N S",1,Single ,Kerala,Sports,2010,54.7,Fairly difficult to read,12.2,Hard to read,10.4,Tenth Grade,11,Eleventh Grade,"9.2
",Ninth Grade,11.1,Tenth to Eleventh Graders,15-17 yrs,12,Twelfth Grade,11,Fairly difficult to read,Tenth to Eleventh Graders,15-17 yrs
13,The Unseen Sun,"Murthy, M.S.S",1,Single ,Karnataka,Astronomy,2010,55.3,Fairly difficult to read,"
 12.8",Hard to read,9.8,Tenth Grade,10,Tenth Grade,9.8,Tenth Grade,9.5,Ninth to Tenth Graders,14-15 yrs,11.5,Twelfth Grade,10,Fairly difficult to read,Ninth to Tenth Graders,14-15 yrs
14,"Laser At 50
50th Anniversary of the Invention of Laser","Arunkumar, N.S.",1,Single ,Kerala,Physical science,2010,57,Fairly difficult to read,13.4,Hard to read,11.2,Eleventh Grade,6,Sixth Grade,9.8,Tenth Grade,9.3,Eighth to Ninth Graders,13-15 yrs,14.7,College,10,Fairly difficult to read,Ninth to Tenth Graders,14-15 yrs
15,War And Peace: Conflict And Cooperation In An Insect Society,"Gadagkar, Raghavendra",1,Single ,Karnataka,Ecological Science,2011,47,Difficult to read,15.1,Hard to read,12.5,College,10,Tenth Grade,"
11",Eleventh Grade,12.7,College level entry,18-19 yrs,15.3,College,12,Difficult to read,Twelfth Grade,17-18 yrs
16,The Future is ?Small?,"Joseph SJ, Shibu",1,Single ,Kerala,Nanoscience,2011,29.1,Very difficult to read,17,Difficult to read,14.2,College,14,College,12.7,College,14.3,College,21-22 yrs,14.8,College,14,Very difficult to read,College,21-22 yrs
17,Amazing World of Science Fiction,"Mishra, Arvind",1,Single ,Uttar Pradesh,Fiction,2011,46.5,Difficult to read,13,Hard to read,11.5,Twelfth Grade,12,Twelfth Grade,"
 10.4
",Tenth Grade,11.6,Twelfth Grade,17-18 yrs,12.8,College,12,Difficult to read,Twelfth Grade,17-18 yrs
18,Chemistry: The Central Science,"Basu, Biman",1,Single ,Delhi,Chemical Science,2011,38,Difficult to read,16.9,Difficult to read,13.8,College,12,Twelfth Grade,12.7,College,14.3,College,21-22 yrs,16.5,College Graduate and above,14,Difficult to read,College,21-22 yrs
19,Fukushima Nuclear Accident?What Happened?,"Parthasarathy, K.S.",1,Single ,Maharatshtra,Nuclear Science,2011,46.2,Difficult to read,12.6,Hard to read,11,Eleventh Grade,11,Eleventh Grade,10.2,Tenth Grade,9.9,Ninth to Tenth Graders,14-15 yrs,11.5,Twelfth Grade,11,Difficult to read,Tenth to Eleventh Graders,15-17 yrs
20,Saving the Saviours,"Dekhane, Malvika",0,Single ,Maharatshtra,Biodiversity,2011,53.7,Fairly difficult to read,11.3,Hard to read,9.4,Ninth Grade,12,Twelfth Grade,9.1,Ninth Grade,9.3,Eighth to Ninth Graders,13-15 yrs,8.7,Ninth Grade,10,Fairly difficult to read,Ninth to Tenth Graders,14-15 yrs
21,The Legacy of Yuri Gagarin 50th Anniversary of the First Man in Space,"Kumar, N. S. Arun",1,Single ,Kerala,Space,2011,54.2,Fairly difficult to read,11.9,Hard to read,10.6,Eleventh Grade,9,Ninth Grade,10.1,Tenth Grade,10.2,Ninth to Tenth Graders,14-15 yrs,12.9,College,11,Fairly difficult to read,Tenth to Eleventh Graders,15-17 yrs
22,Indian Science Through The Ages,"Sarkar, Jaimini",0,Single ,Maharatshtra,Scientific History,2011,42,Difficult to read,14.4,Hard to read,12.6,College,11,Eleventh Grade,11.6,Twelfth Grade,12.2,Twelfth Grade,17-18 yrs,14.5,College,13,Difficult to read,College level entry,18-19 yrs
23,Legacy of the Space Shuttle,"Kaurav, Saket Singh",1,Single ,West Bengal,Space,2011,51.2,Fairly difficult to read,12.4,Hard to read,11.1,Eleventh Grade,"
11",Eleventh Grade,9.9,Tenth Grade,11.4,Tenth to Eleventh Graders,15-17 yrs,12.9,College,11,Fairly difficult to read,Tenth to Eleventh Graders,15-17 yrs
24,Sporting Benefits,"Sheth, Parul R.",0,Single ,Maharatshtra,Sports,2011,53,Fairly difficult to read,12.4,Hard to read,10.2,Tenth Grade,"
 12",Twelfth Grade,9.6,Tenth Grade,11.2,Tenth to Eleventh Graders,15-17 yrs,11.4,Eleventh Grade,11,Fairly difficult to read,Tenth to Eleventh Graders,15-17 yrs
25,"	100 Years of ICMR!","Saxena, Jagdeep",1,Combined,Delhi,Scientific History,2011,26.4,Very difficult to read,16.9,Difficult to read,15.2,College,14,College,13.6,College,15.3,College graduate,23-25 yrs,16.9,College Graduate and above,"
 15",Very difficult to read,College graduate,23-25 yrs
26,"	100 Years of ICMR!","Srivastava, V.K.",1,Combined,Delhi,Scientific History,2011,26.4,Very difficult to read,16.9,Difficult to read,15.2,College,14,College,13.6,College,15.3,College graduate,23-25 yrs,16.9,College Graduate and above,"
 15",Very difficult to read,College graduate,23-25 yrs
27,Amundsen?s Polar Conquest,"Kumar, N.S. Arun",1,Single ,Kerala,Scientific History,2011,59.4,Fairly difficult to read,11.2,Hard to read,9.7,Tenth Grade,9,Ninth Grade,9.6,Tenth Grade,9.7,Ninth to Tenth Graders,14-15 yrs,12.2,Twelfth Grade,10,Fairly difficult to read,Ninth to Tenth Graders,14-15 yrs
28,Women in Space!,"Shukla, Rakesh",1,Single ,Telangana,Space,2012,59.9,Standard / average,8.7,Fairly easy to read,8,Eighth Grade,9,Ninth Grade,7.9,Eighth grade,6.3,Fifth to Sixth Graders,10-11 yrs,7,Seventh Grade,8,Standard / Average,Eighth Grade,12-14 yrs
29,"Space 2012: Space Exploration, Today and in the Future","Pal, Shoili",0,Single ,Delhi,Space,2012,66.2,Standard / Average,12,Hard to read,9.6,Tenth Grade,3,Third Grade,8.7,Ninth Grade,6.7,Sixth to Seventh Graders,11-13 yrs,13.3,College,8,Standard / Average,Seventh to Eighth Graders,12-14 yrs
30,Insight into Kudankulam,"Pathak, Puneet Swaroop",1,Single ,Maharatshtra,Nuclear Science,2012,53.3,Fairly difficult to read,12.7,Hard to read,11.1,Eleventh Grade,7,Seventh Grade,10.1,Tenth Grade,8.7,Eighth to Ninth Graders,13-15 yrs,13.6,College,10,Fairly difficult to read,Ninth to Tenth Graders,14-15 yrs
31,Ubiquitous Indo Arabic Numerals,"Venkateswaran, T.V.",1,Single ,Delhi ,Scientific History,2012,53.3,Fairly difficult to read,12.4,Hard to read,10.6,Eleventh Grade,9,Ninth Grade,9.9,Tenth Grade,9.6,Ninth to Tenth Graders,14-15 yrs,12.4,Twelfth Grade,10,Fairly difficult to read,Ninth to Tenth Graders,14-15 yrs
32,Last Transit of Venus in the 21st Century,"Mascarenhas, K. Smiles",1,Single ,Tamil Nadu,Space,2012,58.2,Fairly difficult to read,12,Hard to read,10.1,Tenth Grade,8,Eighth Grade,9.3,Ninth Grade,9.4,Eighth to Ninth Graders,13-15 yrs,12.6,College,10,Fairly difficult to read,Ninth to Tenth Graders,14-15 yrs
33,  225 Years of Botanic History,"Pandey, Shakunt",1,Single ,West Bengal,Scientific History,2012,47.7,Difficult to read,10.9,Hard to read,10.9,Eleventh Grade,11,Eleventh Grade,10.4,Tenth Grade,9.9,Ninth to Tenth Graders,14-15 yrs,11.8,Twelfth Grade,11,Difficult to read,Tenth to Eleventh Graders,15-17 yrs
34,Search for the Higgs boson?Goes on!,"Malakar, Binay",1,Combined,West Bengal,Physical Science,2012,43.3,Difficult to read,15,Hard to read,12.1,Twelfth Grade,12,Twelfth Grade,11.5,Twelfth Grade,11.8,Twelfth Grade,17-18 yrs,13.7,College,12,Difficult to read,Twelfth Grade,17-18 yrs
35,Mystery of Intelligence,"Devi, Jyotsna",0,Single ,Assam,Life Science,2012,34.9,Difficult to read,15.8,Difficult to read,13.1,College,14,College,11.9,Twelfth Grade,13.1,College level entry,18-19 yrs,13.7,College,13,Difficult to read,College level entry,18-19 yrs
36,Mobile Phone ?Apps? at your Service!,"Ahir, Nitin Kumar",1,Single ,Delhi,Electronics,2012,57.2,Fairly difficult to read,13.8,Hard to read,11.1,Eleventh Grade,6,Sixth Grade,10,Tenth Grade,9.1,Eighth to Ninth Graders,13-15 yrs,14.6,College,10,Fairly difficult to read,Ninth to Tenth Graders,14-15 yrs
37,CSIR@70 -- Insight into India?s Largest R&D Organization!,"Subramanian, Vrishali",0,Combined,Delhi,Scientific History,2012,34.9,Difficult to read,14.5,Hard to read,13.5,College,13,College,12.4,Twelfth Grade,13.2,College level entry,18-19 yrs,14.8,College,13,Difficult to read,College level entry,18-19 yrs
38,CSIR@70 -- Insight into India?s Largest R&D Organization!,"Khan, Hasan Jawaid",1,Combined,Delhi,Scientific History,2012,34.9,Difficult to read,14.5,Hard to read,13.5,College,13,College,12.4,Twelfth Grade,13.2,College level entry,18-19 yrs,14.8,College,13,Difficult to read,College level entry,18-19 yrs
39,Five Things to Know About the Higgs Boson,"Subramanian, Vrishali",0,Single ,Delhi,Physical science,2012,39.4,Difficult to read,14.5,Hard to read,12.4,Twelfth Grade,13,College,11.3,Eleventh Grade,12.4,Twelfth Grade,17-18 yrs,13.1,College,12,Difficult to read,Twelfth Grade,17-18 yrs
40,A Century of X-ray Diffraction,"Vaidya, Paresh R.",1,Single ,Maharatshtra,Scientific History,2012,57.9,Fairly difficult to read,12,Hard to read,9.2,Ninth Grade,9,Ninth Grade,9.3,Ninth Grade,8.4,Seventh to Eighth Graders,12-14 yrs,10.6,Eleventh Grade,9,Fairly difficult to read,Eighth to Ninth Graders,13-15 yrs
41,"Zoo-Protecting Animals, Educating Humans","Gupta, Brij Kishor",1,Single ,Uttar Pradesh,Conservation Biology,2013,44.3,Difficult to read,14,Hard to read,11.3,Eleventh Grade,12,Twelfth Grade,10.8,Eleventh Grade,10.8,Tenth to Eleventh Graders,15-17 yrs,12.1,Twelfth Grade,11,Difficult to read,Tenth to Eleventh Graders,15-17 yrs
42,The Power of Social Networking,"Singhai, Arpit Jain",1,Single ,Uttar Pradesh,Cyber Space,2013,44.9,Difficult to read,12.2,Hard to read,10.2,Tenth Grade,13,College,9.6,Tenth Grade,10,Ninth to Tenth Graders,14-15 yrs,8.2,Eighth Grade,10,Difficult to read,Ninth to Tenth Graders,14-15 yrs
43,Playing with Photons ? Clicking the ?Right? Photograph,"Maitra, Soumya",1,Single ,West Bengal,Physical science,2013,63.3,Standard / Average.,11.5,Hard to read,8.8,Ninth Grade,8,Eighth grade,8.6,Ninth Grade,8.3,Seventh to Eighth Graders,12-14 yrs,10.9,Eleventh Grade,9,Standard / Average,Eighth to Ninth Graders,13-15 yrs
44,"Student, Teach Thyself","Chandrasekharan, Sanjay",1,Single ,Maharatshtra,Science Education,2013,39.1,Difficult to read,14.2,Hard to read,12.5,College,13,College,10.9,Eleventh Grade,13.1,College level entry,18-19 yrs,13,College,13,Difficult to read,College level entry,18-19 yrs
45,?Cradle to Grave? Circuit: The Scourge of Electronic Waste,"Tyagi, Aakanksha",0,Single ,Delhi,Environmental issues,2013,32.1,Difficult to read,15.2,Hard to read,13.5,College,13,College,12.2,Twelfth Grade,12.6,College level entry,18-19 yrs,13.9,College,13,Difficult to read,College level entry,18-19 yrs
46,Honour the Oceans,"Dekhane, Malvika",0,Single ,Maharatshtra,Climate issue,2013,62.3,Standard / Average.,10.2,Fairly easy to read,8.2,Eighth Grade,10,Tenth Grade,7.9,Eighth grade,7.7,Seventh to Eighth Graders,12-14 yrs,8,Eighth Grade,8,Standard / Average,Seventh to Eighth Graders,12-14 yrs
47,Bring on the Rain?!,"Saxena, Swati",0,Single ,Uttar Pradesh,Climate issue,2013,46,Difficult to read,13.5,Hard to read,12,Twelfth Grade,11,Eleventh Grade,10.8,Eleventh Grade,12.3,Twelfth Graders,17-18 yrs,13.9,College,12,Difficult to read,Twelfth Graders,17-18 yrs
48,Flash Floods! Threatening the Himalayan Region,"Jain, Sanjay K.",1,Combined,Uttarakhand,Environmental issues,2013,43.3,Difficult to read,14.1,Hard to read,12.8,College,11,Eleventh Grade,11.2,Eleventh Grade,13.3,College level entry,18-19 yrs,15,College,13,Difficult to read,College level entry,18-19 yrs
49,Flash Floods! Threatening the Himalayan Region,"Lohani, A. K.",1,Combined,Uttarakhand,Environmental issues,2013,43.3,Difficult to read,14.1,Hard to read,12.8,College,11,Eleventh Grade,11.2,Eleventh Grade,13.3,College level entry,18-19 yrs,15,College,13,Difficult to read,College level entry,18-19 yrs
50,Flash Floods! Threatening the Himalayan Region,"Jain, Sharad K.",1,Combined,Uttarakhand,Environmental issues,2013,43.3,Difficult to read,14.1,Hard to read,12.8,College,11,Eleventh Grade,11.2,Eleventh Grade,13.3,College level entry,18-19 yrs,15,College,13,Difficult to read,College level entry,18-19 yrs
51,Thyroid Cancer Risk from Dental X-ray Diagnostics,"Singh, Man Mohan",1,Combined,Uttar Pradesh,Health issues,2013,41.6,Difficult to read,15,Hard to read,13.2,College,11,Eleventh Grade,11.3,Eleventh Grade,13,College level entry,18-19 yrs,15.4,College,13,Difficult to read,College level entry,18-19 yrs
52,Thyroid Cancer Risk from Dental X-ray Diagnostics,"Mathur, Rajat",1,Combined,Uttar Pradesh,Health issues,2013,41.6,Difficult to read,15,Hard to read,13.2,College,11,Eleventh Grade,11.3,Eleventh Grade,13,College level entry,18-19 yrs,15.4,College,13,Difficult to read,College level entry,18-19 yrs
53,The Moon Revealed!,"Basu, Biman",1,Single ,Delhi,Astronomy,2013,54.4,Fairly difficult to read,14,Hard to read,11.6,Twelfth Grade,8,Eighth Grade,10.1,Tenth Grade,11.6,Twelfth Grade,17-18 yrs,15,College,11,Fairly difficult to read,Tenth to Eleventh Graders,15-17 yrs
54,Sanitation through Toilets,"Pathak, Bindeshwar",1,Single ,Delhi,Environmental issues,2013,55,Fairly difficult to read,10.3,Fairly easy to read,9.1,Ninth Grade,9,Ninth Grade,8.6,Ninth Grade,7.5,Seventh to Eighth Graders,12-14 yrs,8.3,Eighth Grade,9,Fairly difficult to read,Eighth to Ninth Graders,13-15 yrs
55,A Nobel for the Higgs Boson!,"Mascarenhas, K. Smiles",1,Single ,Karnataka,Physical science,2013,"
 45 ",Difficult to read,15.1,Hard to read,12.7,College,11,Eleventh Grade,11.8,Twelfth Grade,13,College level entry,18-19 yrs,15.7,College Graduate and above,13,Difficult to read,College level entry,18-19 yrs
56,Take Charge of Your Diabetes!,"Saxena, Richa",0,Single ,Uttar Pradesh,Health issues,2014,34.5,Difficult to read,15.4,Hard to read,12.6,College,14,College,11.7,Twelfth Grade,12.1,Twelfth Grade,17-18 yrs,12.5,College,13,Difficult to read,College level entry,18-19 yrs
57,Junk Food ? The New Epidemic,"Karmarkar, Ujwala",0,Single ,Maharatshtra,Health issues,2014,"
54.6  ",Fairly difficult to read,13,Hard to read,10.5,Eleventh Grade,10,Tenth Grade,10,Tenth Grade,10.6,Tenth to Eleventh Graders,15-17 yrs,12.7,College,11,Fairly difficult to read,Tenth to Eleventh Graders,15-17 yrs
58,De-extinction: Resurrecting Lost Species,"Pandey, Shakunt",1,Single ,West Benagal,Conservation Biology,2014,"
51.1 ",Fairly difficult to read,"
12.5",Hard to read,11.2,Eleventh Grade,11,Eleventh Grade,"
10.3",Tenth Grade,"
 11.6",Twelfth Grade,17-18 yrs,13.2,College,11,Fairly difficult to read,Tenth to Eleventh Graders,15-17 yrs
59,Open Source Drug Discovery: Model for Novel Drugs against Neglected Diseases,"Rayasam, Geetha Vani",0,Combined,Delhi,Bioinformatics,2014,27.7,Very difficult to read,17,Difficult to read,15.3,College,14,College,"
13.5",College,15.8,College graduate,23-25 yrs,17.5,College Graduate and above,15,Very difficult to read,College graduate,23-25 yrs
60,Open Source Drug Discovery: Model for Novel Drugs against Neglected Diseases,"Balganesh, Tanjore S.",1,Combined,Karnataka,Bioinformatics,2014,27.7,Very difficult to read,17,Difficult to read,15.3,College,14,College,"
13.5",College,15.8,College graduate,23-25 yrs,17.5,College Graduate and above,15,Very difficult to read,College graduate,23-25 yrs
61,The International Space Station,"Mascarenhas, K. Smiles",1,Single ,Tamil Nadu,Space,2014,"
53.9 ",Fairly difficult to read,11.3,Hard to read,9.6,Tenth Grade,10,Tenth Grade,"
9.3",Ninth Grade,"
8.9",Eighth to Ninth Graders,13-15 yrs,9.3,Ninth Grade,9,Fairly difficult to read,Eighth to Ninth Graders,13-15 yrs
62,Water Footprint: Time to Reduce the Impact,"Koul, Monika",0,Single ,Delhi,Environmental issues,2014,37.3,Difficult to read,14,Hard to read,12.3,Twelfth Grade,13,College,10.7,Eleventh Grade,11.8,Twelfth Grade,17-18 yrs,12,Twelfth Grade,12,Difficult to read,Twelfth Grade,17-18 yrs
63,Nature's Lessons On Living Together!,"Singh, Mayanglambam Ojit Kumar",1,Single ,Delhi,Ecological Science,2014,49.2,Difficult to read,13.7,Hard to read,"
11",Eleventh Grade," 12
",Twelfth Grade,10.2,Tenth Grade,11.5,Twelfth Grade,17-18 yrs,12.5,College,12,Difficult to read,Twelfth Grade,17-18 yrs
64,Are You a Tech Addict?,"Karmarkar, Ujwala",0,Single ,Maharatshtra,Health issues,2014,54.4,Fairly difficult to read,11.3,Hard to read,9.4,Ninth Grade,10,Tenth Grade,9.1,Ninth Grade,8.8,Eighth to Ninth Graders,13-15 yrs,9,Ninth Grade,9,Fairly difficult to read,Eighth to Ninth Graders,13-15 yrs
65,Vulture Restaurants ? Time to serve them,"Kanaujia, Amita",0,Combined,Uttar Pradesh,Conservation Biology,2014,47.2,Difficult to read,12.6,Hard to read,11.3,Eleventh Grade,12,Twelfth Grade,10.1,Tenth Grade,12,Twelfth Grade,17-18 yrs,12.4,Twelfth Grade,11,Difficult to read,Tenth to Eleventh Graders,15-17 yrs
66,Vulture Restaurants ? Time to serve them,"Kushwaha, Sonika",0,Combined,Uttar Pradesh,Conservation Biology,2014,47.2,Difficult to read,12.6,Hard to read,11.3,Eleventh Grade,12,Twelfth Grade,10.1,Tenth Grade,12,Twelfth Grade,17-18 yrs,12.4,Twelfth Grade,11,Difficult to read,Tenth to Eleventh Graders,15-17 yrs
67,Trains at the Speed of Bullets?,"Bansal, Kirti",0,Single ,Delhi,Technology,2014,55.9,Fairly difficult to read,12.2,Hard to read,10,Tenth Grade,11,Eleventh Grade,"
9.5",Tenth Grade,10.4,Ninth to Tenth Graders,14-15 yrs,11.8,Twelfth Grade,11,Fairly difficult to read,Tenth to Eleventh Graders,15-17 yrs
68,India Makes It To Mars In The First Attempt,"Venkateswaran, T.V.",1,Single ,Delhi,Space,2014,59,Fairly difficult to read,11.7,Hard to read,9.3,Ninth Grade,9,Ninth Grade,9.1,Ninth Grade,8.8,Eighth to Ninth Graders,13-15 yrs,11,Eleventh Grade,9,Fairly difficult to read,Eighth to Ninth Graders,13-15 yrs
69,The Story of Crystals,"Jain, Sanjay D.",1,Combined,Maharatshtra,Physical Science,2014,50.9,Fairly difficult to read,13.1,Hard to read,10.6,Eleventh Grade,11,Eleventh Grade,10.1,Tenth Grade,10.6,Tenth to Eleventh Graders,15-17 yrs,12,Twelfth Grade," 11
",Fairly difficult to read,Tenth to Eleventh Graders,15-17 yrs
70,The Story of Crystals,"Sapre, Vilas B.",1,Combined,Maharatshtra,Physical Science,2014,50.9,Fairly difficult to read,13.1,Hard to read,10.6,Eleventh Grade,11,Eleventh Grade,10.1,Tenth Grade,10.6,Tenth to Eleventh Graders,15-17 yrs,12,Twelfth Grade," 11
",Fairly difficult to read,Tenth to Eleventh Graders,15-17 yrs
71,Space Inventions For All,"Saxena, Swati",0,Single ,Uttar Pradesh,Space,2015,40.2,Difficult to read,15.8,Difficult to read,12.6,College,13,College,11.9,Twelfth Grade,13.3,College level entry,18-19 yrs,14.3,College,13,Difficult to read,College level entry,18-19 yrs
72,The Importance of Being ?Stupid',"Venkateswaran, T.V.",1,Single ,Delhi,General Science,2015,62.6,Standard / Average,11.9,Hard to read,9.1,Ninth Grade,9,Ninth Grade,8.7,Ninth Grade,9.1,Eighth to Ninth Graders,13-15 yrs,"
11.3",Eleventh Grade,9,Standard / average,Eighth to Ninth Graders,13-15 yrs
73,Women?s Health ? Leading a Healthy Lifestyle,"Saxena, Richa",0,Single ,Uttar Pradesh,Health issues,2015,48.3,Difficult to read,13.4,Hard to read,10.8,Eleventh Grade,12,Twelfth Grade,10.1,Tenth Grade,"
10.9",Tenth to Eleventh Graders,15-17 yrs,11.7,Twelfth Grade,11,Difficult to read,Tenth to Eleventh Graders,15-17 yrs
74,Concorde ? Supersonic Demise,"Srivastava, Bimal K.",1,Single ,Delhi,Technology,2015,52.8,Fairly difficult to read,12.4,Hard to read,10.6,Eleventh Grade,"
11",Eleventh Grade,9.9,Tenth Grade,10.6,Tenth to Eleventh Graders,15-17 yrs,12.3,Twelfth Grade,11,Fairly difficult to read,Tenth to Eleventh Graders,15-17 yrs
75,Decoding the Enigma Called Light,"Jain, Sanjay D.",1,Combined,Maharatshtra,Physical Science,2015,38.8,Difficult to read,15.9,Difficult to read,13.1,College,13,College,12,Twelfth Grade,13.3,College level entry,18-19 yrs,14.8,College,13,Difficult to read,College level entry,18-19 yrs
76,Decoding the Enigma Called Light,"Nanoti, Vivek M.",1,Combined,Maharashtra,Physical Science,2015,38.8,Difficult to read,15.9,Difficult to read,13.1,College,13,College,12,Twelfth Grade,13.3,College level entry,18-19 yrs,14.8,College,13,Difficult to read,College level entry,18-19 yrs
77,A House for the House Sparrow,"Kumar, Akhilesh",1,Combined,Uttar Pradesh,Conservation Biology,2015,"
 52 ",Fairly difficult to read,10.7,Hard to read,9.9,Tenth Grade,12,Twelfth Grade,9.1,Ninth Grade,10,Ninth to Tenth Graders,14-15 yrs,9.3,Ninth Grade,10,Fairly difficult to read,Ninth to Tenth Graders,14-15 yrs
78,A House for the House Sparrow,"Kanaujia, Amita",0,Combined,Uttar Pradesh,Conservation Biology,2015,"
 52 ",Fairly difficult to read,10.7,Hard to read,9.9,Tenth Grade,12,Twelfth Grade,9.1,Ninth Grade,10,Ninth to Tenth Graders,14-15 yrs,9.3,Ninth Grade,10,Fairly difficult to read,Ninth to Tenth Graders,14-15 yrs
79,A House for the House Sparrow,"Kushwaha, Sonika",0,Combined,Uttar Pradesh,Conservation Biology,2015,"
 52 ",Fairly difficult to read,10.7,Hard to read,9.9,Tenth Grade,12,Twelfth Grade,9.1,Ninth Grade,10,Ninth to Tenth Graders,14-15 yrs,9.3,Ninth Grade,10,Fairly difficult to read,Ninth to Tenth Graders,14-15 yrs
80,A House for the House Sparrow,"Kumar, Adesh",1,Combined,Uttar Pradesh,Conservation Biology,2015,"
 52 ",Fairly difficult to read,10.7,Hard to read,9.9,Tenth Grade,12,Twelfth Grade,9.1,Ninth Grade,10,Ninth to Tenth Graders,14-15 yrs,9.3,Ninth Grade,10,Fairly difficult to read,Ninth to Tenth Graders,14-15 yrs
81,Pollens to Catch Criminals!,"Mali, B.D.",1,Single ,Maharashtra,Forensic Science,2015,52.4,Fairly difficult to read,12,Hard to read,10,Tenth Grade,11,Eleventh Grade,9.1,Ninth Grade,9.9,Ninth to Tenth Graders,14-15 yrs,"
10.6",Eleventh Grade,10,Fairly difficult to read,Ninth to Tenth Graders,14-15 yrs
82,Defeating Cancer with Healthy Nutrition,"Sharma, Richa",0,Single ,Uttar Pradesh,Health issues,2015,47.3,Difficult to read,13.2,Hard to read,10.7,Eleventh Grade,13,College,10,Tenth Grade,11,Tenth to Eleventh Graders,15-17 yrs,11,Eleventh Grade,11,Difficult to read,Tenth to Eleventh Graders,15-17 yrs
83,Dr. A. P. J. Abdul Kalam: From a Personal Lens,"Mashelkar, R.A.",1,Single ,Delhi,Obituary,2015,69.1,Standard / Average,8.4,Fairly easy to read,6.7,Seventh Grade,7,Seventh Grade,7.4,Seventh Grade,4.9,Fourth toFifth Graders, 8-9 yrs,6.7,Seventh Grade,7,Sixth to Seventh Graders,Standard / Average,11-13 yrs
84,Science and Engineering ? A Seamless Merger?,"Jain, Sanjay",1,Combined,Maharashtra,General Science,2015,33.1,Difficult to read,15.9,Difficult to read,13.5,College,14,College,12.3,Twelfth Grade,13.8,College,21-22 yrs,14.3,College,14,Difficult to read,College,21-22 yrs
85,Science and Engineering ? A Seamless Merger?,"Nanoti, Vivek",1,Combined,Maharashtra,General Science,2015,33.1,Difficult to read,15.9,Difficult to read,13.5,College,14,College,12.3,Twelfth Grade,13.8,College,21-22 yrs,14.3,College,14,Difficult to read,College,21-22 yrs
86,Genetically Modified Crops: Need for Rational Evaluation,"Watts, Anshul",1,Combined,Delhi,Biotechnology,2015,43,Difficult to read,14,Hard to read,11.9,Twelfth Grade,11,Eleventh Grade,11,Eleventh Grade,11.3,Tenth to Eleventh Graders,15-17 yrs,12.9,College,"
12",Difficult to read,Twelfth Grade,17-18 yrs
87,Genetically Modified Crops: Need for Rational Evaluation,"Kumari, Archana",0,Combined,Delhi,Biotechnology,2015,43,Difficult to read,14,Hard to read,11.9,Twelfth Grade,11,Eleventh Grade,11,Eleventh Grade,11.3,Tenth to Eleventh Graders,15-17 yrs,12.9,College,"
12",Difficult to read,Twelfth Grade,17-18 yrs
88,Genetically Modified Crops: Need for Rational Evaluation,"Muthusamy, Senthilkumar K.",1,Combined,Haryana,Biotechnology,2015,43,Difficult to read,14,Hard to read,11.9,Twelfth Grade,11,Eleventh Grade,11,Eleventh Grade,11.3,Tenth to Eleventh Graders,15-17 yrs,12.9,College,"
12",Difficult to read,Twelfth Grade,17-18 yrs
89,Genetically Modified Crops: Need for Rational Evaluation,"Meena, Rajendra Prasad",1,Combined,Delhi,Biotechnology,2015,43,Difficult to read,14,Hard to read,11.9,Twelfth Grade,11,Eleventh Grade,11,Eleventh Grade,11.3,Tenth to Eleventh Graders,15-17 yrs,12.9,College,"
12",Difficult to read,Twelfth Grade,17-18 yrs
90,General Relativity at 100,"Basu, Biman",1,Single ,Delhi,Physical science,2015,41.5,Difficult to read,15.5,Difficult to read,13.2,College,11,Eleventh Grade,11.9,Twelfth Grade,13.1,College level entry,18-19 yrs,15.7,College Graduate and above,13,Difficult to read,College level entry,18-19 yrs
91,Are You A Compulsive Hoarder?,"Karmarkar, Ujwala",0,Single ,Maharashtra,Health issues,2016,65.9,Standard / Average,10.7,Hard to read,8.1,Eighth Grade,9,Ninth Grade,8.2,Eighth grade,7.9,Seventh to Eighth Graders,12-14 yrs,9,Ninth Grade,8,Standard / Average,Seventh to Eighth Graders,12-14 yrs
92,Raman Effect: From Studying Cells to Detecting Bombs,"Murthy, M.S.S.",1,Single ,Karnataka,Physical science,2016,29.6,Difficult to read,17.4,Difficult to read,14.6,College,13,College,13.3,College,"14.6
Grade level: ",College graduate,23-25 yrs,16.4,College Graduate and above,14,Difficult to read,College,21-22 yrs
93,Making Waves ? Scientists ?See? Gravitational Waves!,"Venkateswaran, T.V.",1,Single ,Delhi,Physical science,2016,52.1,Fairly difficult to read,13.1,Hard to read,10.7,Eleventh Grade,11,Eleventh Grade,"
9.9",Tenth Grade,10.8,Tenth to Eleventh Graders,15-17 yrs,12.3,Twelfth Grade,11,Fairly difficult to read,Tenth to Eleventh Graders,15-17 yrs
94,The Great Indian Flavour!,"Iqbal, Sarah",0,Single ,Uttar Pradesh,Food Science,2016,40.4,Difficult to read,13.9,Hard to read,12.6,College,12,Twelfth Grade,11.4,Eleventh Grade,12.3,Twelfth Grade,17-18 yrs,13.9,College,12,Difficult to read,Twelfth Grade,17-18 yrs
95,The ?100 Heartbeats Club?,"Singh, Mayanglambam Ojit Kumar",1,Single ,Delhi,Conservation Biology,2016,40.2,Difficult to read,13.7,Hard to read,12.4,Twelfth Grade,12,Twelfth Grade,11.2,Eleventh Grade,11.9,Twelfth Grade,17-18 yrs,13.4,College,12,Difficult to read,Twelfth Grade,17-18 yrs
96,Climate Refugees: A Disremembered Concern!,"Sharma, Aakanksha",0,Single ,Uttar Pradesh,Climate issue,2016,35.8,Difficult to read,15.8,Difficult to read,13.8,College,13,College,12.6,College,14.1,College,21-22 yrs,15.9,College Graduate and above,14,Difficult to read,College,21-22 yrs
97,Virtual Reality: Digital Maya Bazaar,"Parthasarathy, Anand",1,Single ,Karnataka,Technology,2016,50.8,Fairly difficult to read,13.6,Hard to read,11.8,Twelfth Grade,10,Tenth Grade,10.9,Eleventh Grade,11.8,Twelfth Grade,17-18 yrs,14.9,College,12,Fairly difficult to read,Twelfth Grade,17-18 yrs
98,A Pale Blue Dot,"Bast, Felix",1,Single ,Punjab,Ecological Science,2016,37.2,Difficult to read,16.3,Difficult to read,13.7,College,13,College,12.3,Twelfth Grade,14.1,College,21-22 yrs,"
15.8",College Graduate and above,"
 14",Difficult to read,College,21-22 yrs
99,Juno: Unraveling Jupiter?s Mysteries,"Srinivas, Susheela",0,Single ,Karnataka,Space,2016,48.9,Difficult to read,12.9,Hard to read,10.7,Eleventh Grade,11,Eleventh Grade,10.4,Tenth Grade,9.8,Ninth to Tenth Graders,14-15 yrs,11.8,Twelfth Grade,11,Difficult to read,Tenth to Eleventh Graders,15-17 yrs
100,Animal Architects,"Datta, Sukanya",0,Single ,Delhi,Life Science,2016,59.5,Standard / Average.,10.6,Hard to read,8.7, Ninth Grade,11,Eleventh Grade,8.5, Ninth Grade,8.9,Eighth to Ninth graders,13-15 yrs,8.6,Ninth Grade,9,Standard / Average,Eighth to Ninth graders,13-15 yrs
101,Thin Films ? From Spectacles to Surveillance,"Srinivas, Susheela",0,Single ,Karnataka,Physical science,2016,45,Difficult to read,14.9,Hard to read,11.6,Twelfth Grade,12,Twelfth Grade,11,Eleventh Grade,12,Twelfth Grade,17-18 yrs,12.9,College,12,Difficult to read,Twelfth Grade,17-18 yrs
102,What Happened in 2016? A Scientific Roundup,Swati malick,0,Combined,Delhi,General Science,2016,38.5,Difficult to read,14.6,Hard to read,13.5,College,12,Twelfth Grade,12.3,Twelfth Grade,13.5,College,21-22 yrs,15.9,College Graduate and above,14,Difficult to read,College,21-22 yrs
103,What Happened in 2016? A Scientific Roundup,Soonam Chaudhary,0,Combined,Delhi,General Science,2016,38.5,Difficult to read,14.6,Hard to read,13.5,College,12,Twelfth Grade,12.3,Twelfth Grade,13.5,College,21-22 yrs,15.9,College Graduate and above,14,Difficult to read,College,21-22 yrs
104,What Happened in 2016? A Scientific Roundup,Nikhita Sen,0,Combined,Delhi,General Science,2016,38.5,Difficult to read,14.6,Hard to read,13.5,College,12,Twelfth Grade,12.3,Twelfth Grade,13.5,College,21-22 yrs,15.9,College Graduate and above,14,Difficult to read,College,21-22 yrs
105,What Happened in 2016? A Scientific Roundup,Kirti Bansal ,0,Combined,Delhi,General Science,2016,38.5,Difficult to read,14.6,Hard to read,13.5,College,12,Twelfth Grade,12.3,Twelfth Grade,13.5,College,21-22 yrs,15.9,College Graduate and above,14,Difficult to read,College,21-22 yrs
106,What Happened in 2016? A Scientific Roundup,Sonali Nagar,0,Combined,Delhi,General Science,2016,38.5,Difficult to read,14.6,Hard to read,13.5,College,12,Twelfth Grade,12.3,Twelfth Grade,13.5,College,21-22 yrs,15.9,College Graduate and above,14,Difficult to read,College,21-22 yrs
107,Making money in space: Booming Space Economics,"Srinivas, Susheela",0,Single ,Karnataka,Space,2017,45.3,Difficult to read,14.6,Hard to read,11.7,Twelfth Grade,12,Twelfth Grade,11,Eleventh Grade,11.9,Twelfth Grade,17-18 yrs,13.1,College,12,Difficult to read,Twelfth Grade,17-18 yrs
108,Making life easier for the specially abled,"Nagar, Sonali",0,Combined,Delhi,Health issues,2017,34.6,Difficult to read,14.7,Hard to read,13.1,College,14,College,11.9,Twelfth Grade,13.5,College,21-22 yrs,13.6,College,13,Difficult to read,College level entry,18-19 yrs
109,Making life easier for the specially abled,"Choudhary, Sonam",0,Combined,Delhi,Health issues,2017,34.6,Difficult to read,14.7,Hard to read,13.1,College,14,College,11.9,Twelfth Grade,13.5,College,21-22 yrs,13.6,College,13,Difficult to read,College level entry,18-19 yrs
110,Making life easier for the specially abled,"Bansal, Kirti",0,Combined,Delhi,Health issues,2017,34.6,Difficult to read,14.7,Hard to read,13.1,College,14,College,11.9,Twelfth Grade,13.5,College,21-22 yrs,13.6,College,13,Difficult to read,College level entry,18-19 yrs
111,The truth about lies: Decoding the deception,"Srinivas, Susheela",0,Single ,Karnataka,Life Science,2017,42.3,Difficult to read,14.2,Hard to read,12.1,Twelfth Grade,12,Twelfth Grade,11.2,Eleventh Grade,11.9,Twelfth Grade,17-18 yrs,13.2,College,12,Difficult to read,Twelfth Grade,17-18 yrs
112,Vertical Farming: Key to mitigating world's hunger?,"Pandey, Shakunt",1,Single ,West Bengal,Agriculture,2017,50.7,Fairly difficult to read,13.3,Hard to read,11.6,Twelfth Grade,11,Eleventh Grade,10.1,Tenth Grade,12.2,Twelfth Grade,17-18 yrs,13.9,College,12,Fairly difficult to read,Twelfth Grade,17-18 yrs
113,India's Space Programme: Source of Pride Spinning-off myrid benefits,"Gopalakrishnan, R.",1,Single ,Tamil Nadu,Space,2017,38.1,Difficult to read,14.4,Hard to read,12.3,Twelfth Grade,13,College,11.4,Eleventh Grade,12.1,Twelfth Grade,17-18 yrs,12.6,College,12,Difficult to read,Twelfth Grade,17-18 yrs
114,Biodiversity Parks: Restoring degraded environments,"Koul, Monika",0,Single ,Delhi,Biodiversity,2017,27.6,Very difficult to read,16.4,Difficult to read,15.5,College Graduate and above,13,College,13.1,College,15.7,College graduate,23-25 yrs,17.5,College Graduate and above,15,Very difficult to read,College graduate,23-25 yrs
115,Is the Tiger burrning Bright?,"Jain, Sanjay D.",1,Combined,Maharashtra,Conservation Biology,2017,37.3,Difficult to read,15.2,Hard to read,12.9,College,13,College,11.5,Twelfth Grade,12.6,College level entry,18-19 yrs,13.7,College,13,Difficult to read,College level entry,18-19 yrs
116,Is the Tiger burrning Bright?,"Nanoti, Vivek M.",1,Combined,Maharashtra,Conservation Biology,2017,37.3,Difficult to read,15.2,Hard to read,12.9,College,13,College,11.5,Twelfth Grade,12.6,College level entry,18-19 yrs,13.7,College,13,Difficult to read,College level entry,18-19 yrs
117,Are there habitable worlds out there? The quest for exoplanets,"Srinivas, Susheela",0,Single ,Karnataka,Astronomy,2017,57.4,Fairly difficult to read,12.3,Hard to read,10.1,Tenth Grade,9,Ninth Grade,9.4,Ninth Grade,9.5,Ninth to Tenth Graders,14-15 yrs,12.3,Twelfth Grade,10,Fairly difficult to read,Ninth to Tenth Graders,14-15 yrs
118,Council for Scientific & Industrial Research: 75 years of Scientific & Societal Impact CSIR @ 75,Hasan Jawaid Khan,1,Combined,Delhi,Scientific History,2017,33.8,Difficult to read,14.1,Hard to read,13.3,College,13,College,12.4,Twelfth Grade,12.6,College level entry,18-19 yrs,14.1,College,13,Difficult to read,College level entry,18-19 yrs
119,Council for Scientific & Industrial Research: 75 years of Scientific & Societal Impact CSIR @ 75,Sonali Nagar,0,Combined,Delhi,Scientific History,2017,33.8,Difficult to read,14.1,Hard to read,13.3,College,13,College,12.4,Twelfth Grade,12.6,College level entry,18-19 yrs,14.1,College,13,Difficult to read,College level entry,18-19 yrs
120,How I dived through Saturn's Rings,"Srinivas, Susheela",0,Single ,Karnataka,Astronomy,2017,64,Standard / Average,10.6,Hard to read,8.2,Eighth Grade,9,Ninth Grade,8.1,Eighth grade,7.4,Sixth to Seventh Graders,11-13 yrs,8.6,Ninth Grade,8,Standard / Average,Seventh to Eighth Graders,12-14 yrs
121,Safety on Wheels: A Crash Test!,"Raghav, Prashant",1,Single ,Delhi,Technology,2017,47.2,Difficult to read,14.2,Hard to read,11.7,Twelfth Grade,11,Eleventh Grade,10.6,Eleventh Grade,11.9,Twelfth Grade,17-18 yrs,13.4,College,12,Difficult to read,Twelfth Grade,17-18 yrs
122,Your friend could be a cyborg,"Dharmapalan, Biju",1,Combined,Kerala,Technology,2017,44.5,Difficult to read,14.6,Hard to read,12.2,Twelfth Grade,11,Eleventh Grade,11.1,Eleventh Grade,12.2,Twelfth Grade,17-18 yrs,14,College,12,Difficult to read,Twelfth Grade,17-18 yrs
123,Your friend could be a cyborg,"Thomas, Ambili M.",0,Combined,Kerala,Technology,2017,44.5,Difficult to read,14.6,Hard to read,12.2,Twelfth Grade,11,Eleventh Grade,11.1,Eleventh Grade,12.2,Twelfth Grade,17-18 yrs,14,College,12,Difficult to read,Twelfth Grade,17-18 yrs
124,Scientific Roundup: What Happened in Science & Technology in 2017?,Kirti Bansal,0,Combined,Delhi,General Science,2018,45.2,Difficult to read,13.2,Hard to read,11.7,Twelfth Grade,11,Eleventh Grade,11,Eleventh Grade,11.4,Tenth to Eleventh Graders,15-17 yrs,13.2,College,12,Difficult to read,Twelfth Grade,17-18 yrs
125,Scientific Roundup: What Happened in Science & Technology in 2017?,Sonam Choudhary,0,Combined,Delhi,General Science,2018,45.2,Difficult to read,13.2,Hard to read,11.7,Twelfth Grade,11,Eleventh Grade,11,Eleventh Grade,11.4,Tenth to Eleventh Graders,15-17 yrs,13.2,College,12,Difficult to read,Twelfth Grade,17-18 yrs
126,Scientific Roundup: What Happened in Science & Technology in 2017?,Shubhada Kapil,0,Combined,Delhi,General Science,2018,45.2,Difficult to read,13.2,Hard to read,11.7,Twelfth Grade,11,Eleventh Grade,11,Eleventh Grade,11.4,Tenth to Eleventh Graders,15-17 yrs,13.2,College,12,Difficult to read,Twelfth Grade,17-18 yrs
127,Scientific Roundup: What Happened in Science & Technology in 2017?,Prasanth Raghav,1,Combined,Delhi,General Science,2018,45.2,Difficult to read,13.2,Hard to read,11.7,Twelfth Grade,11,Eleventh Grade,11,Eleventh Grade,11.4,Tenth to Eleventh Graders,15-17 yrs,13.2,College,12,Difficult to read,Twelfth Grade,17-18 yrs
128,Scientific Roundup: What Happened in Science & Technology in 2017?,Swati Malik,0,Combined,Delhi,General Science,2018,45.2,Difficult to read,13.2,Hard to read,11.7,Twelfth Grade,11,Eleventh Grade,11,Eleventh Grade,11.4,Tenth to Eleventh Graders,15-17 yrs,13.2,College,12,Difficult to read,Twelfth Grade,17-18 yrs
129,Nowhere Safe!,"Srinivas, Susheela",0,Single ,Karnataka,Environmental issues,2018,35.5,Difficult to read,15.1,Hard to read,12.9,College,14,College,11.7,Twelfth Grade,13,College level entry,18-19 yrs,13.3,College,13,Difficult to read,College level entry,18-19 yrs
130,Smartphones: Changing Paradigms,"Raghav, Prashant",1,Combined,Delhi,Technology,2018,51.9,Fairly difficult to read,12.6,Hard to read,10.3,Tenth Grade,11,Eleventh Grade,9.6,Tenth Grade,10.2,Ninth to Tenth Graders,14-15 yrs,11.3,Eleventh Grade,10, Fairly difficult to read,Ninth to Tenth Graders,14-15 yrs
131,Smartphones: Changing Paradigms,"
Choudhary, Sonam",0,Combined,Delhi,Technology,2018,51.9,Fairly difficult to read,12.6,Hard to read,10.3,Tenth Grade,11,Eleventh Grade,9.6,Tenth Grade,10.2,Ninth to Tenth Graders,14-15 yrs,11.3,Eleventh Grade,10, Fairly difficult to read,Ninth to Tenth Graders,14-15 yrs
132,Smartphones: Changing Paradigms,"
Bansal, Kirti",0,Combined,Delhi,Technology,2018,51.9,Fairly difficult to read,12.6,Hard to read,10.3,Tenth Grade,11,Eleventh Grade,9.6,Tenth Grade,10.2,Ninth to Tenth Graders,14-15 yrs,11.3,Eleventh Grade,10, Fairly difficult to read,Ninth to Tenth Graders,14-15 yrs
133,Artificial Intelligence : Pushing the Frontiers of Machine Intelligence,"Kunwar, Shobhna",0,Single ,Delhi,Aritificial intellegence,2018,39.8,Difficult to read,13.2,Hard to read,12.5,College,13,College,11.3,Eleventh Grade,12.6,College level entry,18-19 yrs,13.4,College,13,Difficult to read,College level entry,18-19 yrs
134,Macro-Plastics To Micro-Plastics ? An Uncomfortable Convenience!,"Arora, Ekta Kundra",0,Single ,Delhi,Environmental issues,2018,40.3,Difficult to read,14.1,Hard to read,12.1,Twelfth Grade,13,College,10.9,Eleventh Grade,12.1,Twelfth Grade, 17-18 yrs,12.5,College,"
 12",Difficult to read,Twelfth Grade, 17-18 yrs
135,A Daring Mission to Touch the Sun,"Basu, Biman",1,Single ,Delhi,Astronomy,2018,46.6,Difficult to read,14.2,Hard to read,12.1,Twelfth Grade,10, Tenth Grade,11,Eleventh Grade,11.9,Twelfth Grade, 17-18 yrs,14.3,College,12,Difficult to read,Twelfth Grade, 17-18 yrs
136,Fancy A Car Driving You Around?,"Altaf, Rayies",1,Combined,Delhi,Technology,2018,43.8,Difficult to read,13.4,Hard to read,11.6,Twelfth Grade,12,Twelfth Grade,10.6,Eleventh Grade,11.5,Twelfth Grade, 17-18 yrs,12.2,Twelfth Grade,12,Difficult to read,Twelfth Grade, 17-18 yrs
137,Fancy A Car Driving You Around?,"Das, Anup Kumar",1,Combined,Delhi,Technology,2018,43.8,Difficult to read,13.4,Hard to read,11.6,Twelfth Grade,12,Twelfth Grade,10.6,Eleventh Grade,11.5,Twelfth Grade, 17-18 yrs,12.2,Twelfth Grade,12,Difficult to read,Twelfth Grade, 17-18 yrs
138,Peak Performance ? Scientific Edge of Sports Excellence,"Srinivas, Susheela",0,Single ,Karnataka,Sports,2018,42.2,Difficult to read,15.2,Hard to read,12.1,Twelfth Grade,13,College,11.3,Eleventh Grade,12.9,College level entry,18-19 yrs,13.4,College,12,Difficult to read,Twelfth Grade, 17-18 yrs
139,The Curious Cases of Unruly Robots,"Bhattacharjee, Govind",1,Single ,Delhi,Aritificial intellegence,2018,48.4,Difficult to read,14.2,Hard to read,11.9,Twelfth Grade,11,Eleventh Grade,10.5,Eleventh Grade,12.7,College level entry,18-19 yrs,14.2,College,12,Difficult to read,Twelfth Grade, 17-18 yrs
140,The World of Science Fictions,"Mollick, Subha Das",0,Single ,West Bengal,History,2018,53.1,Fairly difficult to read,12.2,Hard to read,10.2,Tenth Grade,11,Eleventh Grade,9.5,Tenth Grade,10.2,Ninth to Tenth Graders,14-15 yrs,11.4,Eleventh Grade,10,Fairly difficult to read,Ninth to Tenth Graders,14-15 yrs
141,Free and Open Source Software for Everyone,"Dharmamony, Vijai",1,Single ,Overseas,Technology,2018,56.8,Fairly difficult to read,11.8,Hard to read,9.7,Tenth Grade,11,Eleventh Grade,9.2,Ninth Grade,10.4,Ninth to Tenth Graders,14-15 yrs,11.4,Eleventh Grade,"
 10",Fairly difficult to read,Ninth to Tenth Graders,14-15 yrs
142,Science & Technology in 2018 ? A Snapshot,"Chhabra, Kirti",0,Combined,Delhi,General Science,2019,43.2,Difficult to read,12.5,Hard to read,12.5,College,12,Twelfth Grade,10.9,Eleventh Grade,12.7,College level entry,18-19 yrs,14.1,College,13,Difficult to read,College level entry,18-19 yrs
143,Science & Technology in 2018 ? A Snapshot,Shivani,0,Combined,Delhi,General Science,2019,43.2,Difficult to read,12.5,Hard to read,12.5,College,12,Twelfth Grade,10.9,Eleventh Grade,12.7,College level entry,18-19 yrs,14.1,College,13,Difficult to read,College level entry,18-19 yrs
144,Science & Technology in 2018 ? A Snapshot,Anchal Verma,0,Combined,Delhi,General Science,2019,43.2,Difficult to read,12.5,Hard to read,12.5,College,12,Twelfth Grade,10.9,Eleventh Grade,12.7,College level entry,18-19 yrs,14.1,College,13,Difficult to read,College level entry,18-19 yrs
145,Science & Technology in 2018 ? A Snapshot,Manasi Upadhyay,0,Combined,Delhi,General Science,2019,43.2,Difficult to read,12.5,Hard to read,12.5,College,12,Twelfth Grade,10.9,Eleventh Grade,12.7,College level entry,18-19 yrs,14.1,College,13,Difficult to read,College level entry,18-19 yrs
146,Science & Technology in 2018 ? A Snapshot,Sonali Nagar,0,Combined,Delhi,General Science,2019,43.2,Difficult to read,12.5,Hard to read,12.5,College,12,Twelfth Grade,10.9,Eleventh Grade,12.7,College level entry,18-19 yrs,14.1,College,13,Difficult to read,College level entry,18-19 yrs
147,Methanol and DME ? Alternative Fuels for a More Self-Reliant India,"Ray, Anjan",0,Single ,Uttarakhand,Energy,2019,16.9,Very difficult to read,21.2,Very difficult to read,19,College Graduate and above,13,College,16.7, College graduate,19.7, College graduate,23-25 yrs,24.7,College Graduate and above,19,Very difficult to read,College graduate,23-25 yrs
148,Safeguarding the Marine Ecosystem,"Nagar, Sonali",0,Single ,Delhi,Environmental issues,2019,42.3,Difficult to read,13.5,Hard to read,12.5,College,12,Twelfth Grade,11,Eleventh Grade,12.6,College level entry,18-19 yrs,13.9,College,"
 13",Difficult to read,College level entry,18-19 yrs
149,From AI to Robotics to Precision Medicine ? Revolutionising the Healthcare Sector,"Dharmapalan, Biju",1,Single ,Kerala,Artificial intellegence,2019,34.5,Difficult to read,15.5,Difficult to read,13.7,College,13,College,12.7,College,13.6,College,21-22 yrs,15.4,College,14,Difficult to read,College,21-22 yrs
150,The Race for New Chemical Elements,"Parida, Ramesh Chandra",1,Single ,Odisha,Chemistry,2019,36,Difficult to read,16.2,Difficult to read,14.5,College,9,Ninth Grade,13.6,College,12.9,College level entry,18-19 yrs,18.2,College Graduate and above,14,Difficult to read,College,21-22 yrs
151,Black Holes: From Concept to Reality,"Basu, Biman",1,Single ,Delhi,Physical science,2019,50.5,Fairly difficult to read,14.2,Hard to read,11.8,Twelfth Grade,10,Tenth Grade,10.7,Eleventh Grade,12.4,Twelfth Graders,17-18 yrs,14.7,College,12,Fairly difficult to read,Twelfth Graders,17-18 yrs
152,When Will An ?Intelligent Species? Arrive?,"Kunwar, Shobhna",0,Single ,Delhi,General Science,2019,45.8,Difficult to read,12.9,Hard to read,11.2,Eleventh Grade,"
12",Twelfth Graders,10.3,Tenth Grade,"
 10.9",Tenth to Eleventh Graders,15-17 yrs,"
11.7",Twelfth Grade,11,Difficult to read,Tenth to Eleventh Graders,15-17 yrs
153,Kilogram is History: Long Live the Kilogram,"Khened, Shivaprasad",1,Single ,Maharashtra,Physical science,2019,42.8,Difficult to read,15.5,Difficult to read,13.5,College,"
11",Eleventh Grade,"
12.3",Twelfth Grade,13.9,College,21-22 yrs,17.1,College Graduate and above,14,Difficult to read,College,21-22 yrs
154,"Chandrayaan-2: Historic Launch, Exciting Possibilities",NA,NA,NA,NA,Space,2019,34.1,Difficult to read,13.5,Hard to read,14.4,College,13,College,12.4,Twelfth Grade,14.8,College graduate,23-25 yrs,16.5,College Graduate and above,14,Difficult to read,College,21-22 yrs
155,Heavy Metal Toxicity ? From Farm to Plate,"Nagar, Sonali",0,Single ,Delhi,Environmental issues,2019,27.6,Very difficult to read,16.8,Difficult to read,14.8,College,14,College,13.1,College,14.9,College graduate,23-25 yrs,16.1,College Graduate and above,"
 15", Very difficult to read,College graduate,23-25 yrs
156,Chandrayaan-2: India?s Daring Moon Mission,"Basu, Biman",1,Single ,Delhi,Space,2019,50.3,Fairly difficult to read,13.6,Hard to read,12.2,Twelfth Grade,9,Ninth Grade,10,Tenth Grade,12.3,Twelfth Grade,17-18 yrs,14.9,College,12,Fairly difficult to read,Twelfth Grade,17-18 yrs
157,"Quantum Supremacy: Here Now, or Hype?","Parthasarathy, Anand",1,Single ,Karnataka,Technology,2019,36.8,Difficult to read,15,Hard to read,13.5,College,12,Twelfth Grade,12.3,Twelfth Grade,13.3,College level entry,18-19 yrs,15.3,College,13,Difficult to read,College level entry,18-19 yrs
158,Major Scientific Highlights of 2019,NA,NA,NA,NA,General Science,2020,41.7,Difficult to read,13.5,Hard to read,13,College,11,Eleventh Grade,11.7,Twelfth Grade,13,College level entry,18-19 yrs,15.2,College,13,Difficult to read,College level entry,18-19 yrs
159,"Harnessing Science, Technology & Innovation : Making India a Global Player","Mande, Shekhar C.",1,Single ,Delhi,General Science,2020,37.9,Difficult to read,14.7,Hard to read,13,College,12,Twelfth Grade,12.2,Twelfth Grade,12.8,College level entry,18-19 yrs,14.5,College,13,Difficult to read,College level entry,18-19 yrs
160,"Plants of the World ? Diverse, Fascinating and Threatened","Dhyani, Anurag",1,Single ,Kerala,Plant Sciences,2020,39.9,Difficult to read,13.3,Hard to read,12.2,Twelfth Grade,12,Twelfth Grade,11.3,Eleventh Grade,11.2,Tenth to Eleventh Graders,15-17 yrs,12.9,College,12,Difficult to read,Twelfth Grade,17-18 yrs
161,Coronavirus Challenge - Propelling a New Paradigm of Work from Home,"Parthasarathy, Anand",1,Single ,Karnataka,General Science,2020,47.3,Difficult to read,14,Hard to read,12.2,Twelfth Grade,12.2,Twelfth Grade,11.1,Eleventh Grade,12.5,College level entry,18-19 yrs,14.7,College,12,Difficult to read,Twelfth Grade,17-18 yrs
162,United in the Fight - Indian S&T Establishments Come Together to Challenge COVID-19,NA,NA,NA,NA,General Science,2020,24.8,Very difficult to read,17.4,Difficult to read,16.5,College Graduate and above,13,College,14.7,College,16.8,College graduate,23-24 yrs,19.9,College Graduate and above,16,Very difficult to read,College graduate,23-25 yrs
163,Chenab Bridge: An Iconic Masterpiece in the Making,"Tripathi, Neha",0,Single ,Uttar Pradesh,Technology,2020,54.6,Fairly difficult to read,12.2,Hard to read,10.3,Tenth Grade,11,Eleventh Grade,9.5,Tenth Grade,"
10.9",Tenth to Eleventh Graders,15-17 yrs,12.1,Twelfth Grade,11,Fairly difficult to read,Tenth to Eleventh Graders,15-17 yrs
164,International Year of Plant Health,"Tripathi, Neha",0,Single ,Uttar Pradesh,Plant Sciences,2020,46.4,Difficult to read,13.8,Hard to read,11.7,Twelfth Grade,12,Twelfth Grade,10.6,Eleventh Grade,12.1,Twelfth Grade,17-18 yrs,13.2,College,12,Difficult to read,Twelfth Grade,17-18 yrs
165,Turning Point for Telemedicine,"Parthasarathy, Anand",1,Single ,Karnataka,General Science,2020,44.2,Difficult to read,17.2,Difficult to read,11.3,Eleventh Grade,11,Eleventh Grade,11.3,Eleventh Grade,12,Twelfth Grade,17-18 yrs,13.9,College,12,Difficult to read,Twelfth Grade,17-18 yrs
166,?Cosmos? Season 3 Rekindles Interest in Science in the Midst of a Pandemic,"Ghosh, Shubhobroto",1,Single ,West Bengal,General Science,2020,42.8,Difficult to read,14.9,Hard to read,13.6,College,10,Tenth Grade,12.2,Twelfth Grade,13.8,College,21-22 yrs,17.1,College Graduate and above,13,Difficult to read,College level entry,18-19 yrs
167,CSIR Celebrates 79th Foundation Day,Shekhar C Mande,1,Single ,Delhi,General Science,2020,40.8,Difficult to read,15.4,Hard to read,12.9,College,12,Twelfth Grade,11.9,Twelfth Grade,13.2,College level entry,18-19 yrs,15,College,13,Difficult to read,College level entry,18-19 yrs
168,Failed Inventions,"Deb, Tanmoy",1,Single ,Delhi,History,2020,54.1,Fairly difficult to read,12.2,Hard to read,9.8,Tenth Grade,10,Tenth Grade,9.6,Tenth Grade,9.1,Eighth to Ninth Graders,13-15 yrs,10.9,Eleventh Grade,10,Fairly difficult to read,Ninth to Tenth Graders,14-15 yrs
169,NOBEL PRIZES 2020,"Mascarenhas, Smiles",1,Single ,Tamil Nadu,General science,2020,48.4,Difficult to read,12.8,Hard to read,11.2,Eleventh Grade,11,Eleventh Grade,10.5,Eleventh Grade,11,Tenth to Eleventh Graders, 15-17 yrs,12.7,College,11,Difficult to read,Tenth to Eleventh Graders, 15-17 yrs
170,NOBEL PRIZES 2020,"
Dharmapalan, Biju",1,Single ,Kerala,General science,2020,48.4,Difficult to read,12.8,Hard to read,11.2,Eleventh Grade,11,Eleventh Grade,10.5,Eleventh Grade,11,Tenth to Eleventh Graders, 15-17 yrs,12.7,College,11,Difficult to read,Tenth to Eleventh Graders, 15-17 yrs
171,NOBEL PRIZES 2020,"
Murthy, M.S.S.",1,Single ,Karnataka,General science,2020,48.4,Difficult to read,12.8,Hard to read,11.2,Eleventh Grade,11,Eleventh Grade,10.5,Eleventh Grade,11,Tenth to Eleventh Graders, 15-17 yrs,12.7,College,11,Difficult to read,Tenth to Eleventh Graders, 15-17 yrs
,,,,,,,,,,,,,,,,,,,,,,,,,,
,,,,,,,,,,,,,,,,,,,,,,,,,,
,,,,,,,,,,,,,,,,,,,,,,,,,,
,,,,,,,,,,,,,,,,,,,,,,,,,,
,,,,,,,,,,,,,,,,,,,,,,,,,,
,,,,,,,,,,,,,,,,,,,,,,,,,,
,,,,,,,,,,,,,,,,,,,,,,,,,,
,,,,,,,,,,,,,,,,,,,,,,,,,,
,,,,,,,,,,,,,,,,,,,,,,,,,,
,,,,,,,,,,,,,,,,,,,,,,,,,,
,,,,,,,,,,,,,,,,,,,,,,,,,,
,,,,,,,,,,,,,,,,,,,,,,,,,,
,,,,,,,,,,,,,,,,,,,,,,,,,,
,,,,,,,,,,,,,,,,,,,,,,,,,,
,,,,,,,,,,,,,,,,,,,,,,,,,,
,,,,,,,,,,,,,,,,,,,,,,,,,,
,,,,,,,,,,,,,,,,,,,,,,,,,,
,,,,,,,,,,,,,,,,,,,,,,,,,,
,,,,,,,,,,,,,,,,,,,,,,,,,,
,,,,,,,,,,,,,,,,,,,,,,,,,,
,,,,,,,,,,,,,,,,,,,,,,,,,,
,,,,,,,,,,,,,,,,,,,,,,,,,,
,,,,,,,,,,,,,,,,,,,,,,,,,,
,,,,,,,,,,,,,,,,,,,,,,,,,,
,,,,,,,,,,,,,,,,,,,,,,,,,,
,,,,,,,,,,,,,,,,,,,,,,,,,,
,,,,,,,,,,,,,,,,,,,,,,,,,,
,,,,,,,,,,,,,,,,,,,,,,,,,,
,,,,,,,,,,,,,,,,,,,,,,,,,,
,,,,,,,,,,,,,,,,,,,,,,,,,,
,,,,,,,,,,,,,,,,,,,,,,,,,,
,,,,,,,,,,,,,,,,,,,,,,,,,,
,,,,,,,,,,,,,,,,,,,,,,,,,,
,,,,,,,,,,,,,,,,,,,,,,,,,,
,,,,,,,,,,,,,,,,,,,,,,,,,,
,,,,,,,,,,,,,,,,,,,,,,,,,,
,,,,,,,,,,,,,,,,,,,,,,,,,,
,,,,,,,,,,,,,,,,,,,,,,,,,,
,,,,,,,,,,,,,,,,,,,,,,,,,,
,,,,,,,,,,,,,,,,,,,,,,,,,,
,,,,,,,,,,,,,,,,,,,,,,,,,,
,,,,,,,,,,,,,,,,,,,,,,,,,,
,,,,,,,,,,,,,,,,,,,,,,,,,,
,,,,,,,,,,,,,,,,,,,,,,,,,,
,,,,,,,,,,,,,,,,,,,,,,,,,,
,,,,,,,,,,,,,,,,,,,,,,,,,,
,,,,,,,,,,,,,,,,,,,,,,,,,,
,,,,,,,,,,,,,,,,,,,,,,,,,,
,,,,,,,,,,,,,,,,,,,,,,,,,,
,,,,,,,,,,,,,,,,,,,,,,,,,,
,,,,,,,,,,,,,,,,,,,,,,,,,,
,,,,,,,,,,,,,,,,,,,,,,,,,,
,,,,,,,,,,,,,,,,,,,,,,,,,,
,,,,,,,,,,,,,,,,,,,,,,,,,,
,,,,,,,,,,,,,,,,,,,,,,,,,,
,,,,,,,,,,,,,,,,,,,,,,,,,,
,,,,,,,,,,,,,,,,,,,,,,,,,,
,,,,,,,,,,,,,,,,,,,,,,,,,,
,,,,,,,,,,,,,,,,,,,,,,,,,,
,,,,,,,,,,,,,,,,,,,,,,,,,,
,,,,,,,,,,,,,,,,,,,,,,,,,,
,,,,,,,,,,,,,,,,,,,,,,,,,,
,,,,,,,,,,,,,,,,,,,,,,,,,,
,,,,,,,,,,,,,,,,,,,,,,,,,,
,,,,,,,,,,,,,,,,,,,,,,,,,,
,,,,,,,,,,,,,,,,,,,,,,,,,,
,,,,,,,,,,,,,,,,,,,,,,,,,,
,,,,,,,,,,,,,,,,,,,,,,,,,,
,,,,,,,,,,,,,,,,,,,,,,,,,,
,,,,,,,,,,,,,,,,,,,,,,,,,,
,,,,,,,,,,,,,,,,,,,,,,,,,,
,,,,,,,,,,,,,,,,,,,,,,,,,,
,,,,,,,,,,,,,,,,,,,,,,,,,,
,,,,,,,,,,,,,,,,,,,,,,,,,,
,,,,,,,,,,,,,,,,,,,,,,,,,,
,,,,,,,,,,,,,,,,,,,,,,,,,,
,,,,,,,,,,,,,,,,,,,,,,,,,,
,,,,,,,,,,,,,,,,,,,,,,,,,,
,,,,,,,,,,,,,,,,,,,,,,,,,,
,,,,,,,,,,,,,,,,,,,,,,,,,,
,,,,,,,,,,,,,,,,,,,,,,,,,,
,,,,,,,,,,,,,,,,,,,,,,,,,,
,,,,,,,,,,,,,,,,,,,,,,,,,,
,,,,,,,,,,,,,,,,,,,,,,,,,,
,,,,,,,,,,,,,,,,,,,,,,,,,,
,,,,,,,,,,,,,,,,,,,,,,,,,,
,,,,,,,,,,,,,,,,,,,,,,,,,,
,,,,,,,,,,,,,,,,,,,,,,,,,,
,,,,,,,,,,,,,,,,,,,,,,,,,,
,,,,,,,,,,,,,,,,,,,,,,,,,,
,,,,,,,,,,,,,,,,,,,,,,,,,,
,,,,,,,,,,,,,,,,,,,,,,,,,,
,,,,,,,,,,,,,,,,,,,,,,,,,,
,,,,,,,,,,,,,,,,,,,,,,,,,,
,,,,,,,,,,,,,,,,,,,,,,,,,,
,,,,,,,,,,,,,,,,,,,,,,,,,,
,,,,,,,,,,,,,,,,,,,,,,,,,,
,,,,,,,,,,,,,,,,,,,,,,,,,,
,,,,,,,,,,,,,,,,,,,,,,,,,,
,,,,,,,,,,,,,,,,,,,,,,,,,,
,,,,,,,,,,,,,,,,,,,,,,,,,,
,,,,,,,,,,,,,,,,,,,,,,,,,,
,,,,,,,,,,,,,,,,,,,,,,,,,,
,,,,,,,,,,,,,,,,,,,,,,,,,,
,,,,,,,,,,,,,,,,,,,,,,,,,,
,,,,,,,,,,,,,,,,,,,,,,,,,,
,,,,,,,,,,,,,,,,,,,,,,,,,,
,,,,,,,,,,,,,,,,,,,,,,,,,,
,,,,,,,,,,,,,,,,,,,,,,,,,,
,,,,,,,,,,,,,,,,,,,,,,,,,,
,,,,,,,,,,,,,,,,,,,,,,,,,,
,,,,,,,,,,,,,,,,,,,,,,,,,,
,,,,,,,,,,,,,,,,,,,,,,,,,,
,,,,,,,,,,,,,,,,,,,,,,,,,,
,,,,,,,,,,,,,,,,,,,,,,,,,,
,,,,,,,,,,,,,,,,,,,,,,,,,,
,,,,,,,,,,,,,,,,,,,,,,,,,,
,,,,,,,,,,,,,,,,,,,,,,,,,,
,,,,,,,,,,,,,,,,,,,,,,,,,,
,,,,,,,,,,,,,,,,,,,,,,,,,,
,,,,,,,,,,,,,,,,,,,,,,,,,,
,,,,,,,,,,,,,,,,,,,,,,,,,,
,,,,,,,,,,,,,,,,,,,,,,,,,,
,,,,,,,,,,,,,,,,,,,,,,,,,,
,,,,,,,,,,,,,,,,,,,,,,,,,,
,,,,,,,,,,,,,,,,,,,,,,,,,,
,,,,,,,,,,,,,,,,,,,,,,,,,,
,,,,,,,,,,,,,,,,,,,,,,,,,,
,,,,,,,,,,,,,,,,,,,,,,,,,,
,,,,,,,,,,,,,,,,,,,,,,,,,,
,,,,,,,,,,,,,,,,,,,,,,,,,,
,,,,,,,,,,,,,,,,,,,,,,,,,,
,,,,,,,,,,,,,,,,,,,,,,,,,,
,,,,,,,,,,,,,,,,,,,,,,,,,,
,,,,,,,,,,,,,,,,,,,,,,,,,,
,,,,,,,,,,,,,,,,,,,,,,,,,,
,,,,,,,,,,,,,,,,,,,,,,,,,,
,,,,,,,,,,,,,,,,,,,,,,,,,,
,,,,,,,,,,,,,,,,,,,,,,,,,,
,,,,,,,,,,,,,,,,,,,,,,,,,,
,,,,,,,,,,,,,,,,,,,,,,,,,,
,,,,,,,,,,,,,,,,,,,,,,,,,,
,,,,,,,,,,,,,,,,,,,,,,,,,,
,,,,,,,,,,,,,,,,,,,,,,,,,,
,,,,,,,,,,,,,,,,,,,,,,,,,,
,,,,,,,,,,,,,,,,,,,,,,,,,,
,,,,,,,,,,,,,,,,,,,,,,,,,,
,,,,,,,,,,,,,,,,,,,,,,,,,,
,,,,,,,,,,,,,,,,,,,,,,,,,,
,,,,,,,,,,,,,,,,,,,,,,,,,,
,,,,,,,,,,,,,,,,,,,,,,,,,,
,,,,,,,,,,,,,,,,,,,,,,,,,,
,,,,,,,,,,,,,,,,,,,,,,,,,,
,,,,,,,,,,,,,,,,,,,,,,,,,,
,,,,,,,,,,,,,,,,,,,,,,,,,,
,,,,,,,,,,,,,,,,,,,,,,,,,,
,,,,,,,,,,,,,,,,,,,,,,,,,,
,,,,,,,,,,,,,,,,,,,,,,,,,,
,,,,,,,,,,,,,,,,,,,,,,,,,,
,,,,,,,,,,,,,,,,,,,,,,,,,,
,,,,,,,,,,,,,,,,,,,,,,,,,,
,,,,,,,,,,,,,,,,,,,,,,,,,,
,,,,,,,,,,,,,,,,,,,,,,,,,,
,,,,,,,,,,,,,,,,,,,,,,,,,,
,,,,,,,,,,,,,,,,,,,,,,,,,,
,,,,,,,,,,,,,,,,,,,,,,,,,,
,,,,,,,,,,,,,,,,,,,,,,,,,,
,,,,,,,,,,,,,,,,,,,,,,,,,,
,,,,,,,,,,,,,,,,,,,,,,,,,,
,,,,,,,,,,,,,,,,,,,,,,,,,,
,,,,,,,,,,,,,,,,,,,,,,,,,,
,,,,,,,,,,,,,,,,,,,,,,,,,,
,,,,,,,,,,,,,,,,,,,,,,,,,,
,,,,,,,,,,,,,,,,,,,,,,,,,,
,,,,,,,,,,,,,,,,,,,,,,,,,,
,,,,,,,,,,,,,,,,,,,,,,,,,,
,,,,,,,,,,,,,,,,,,,,,,,,,,
,,,,,,,,,,,,,,,,,,,,,,,,,,
,,,,,,,,,,,,,,,,,,,,,,,,,,
,,,,,,,,,,,,,,,,,,,,,,,,,,
,,,,,,,,,,,,,,,,,,,,,,,,,,
,,,,,,,,,,,,,,,,,,,,,,,,,,
,,,,,,,,,,,,,,,,,,,,,,,,,,
,,,,,,,,,,,,,,,,,,,,,,,,,,
,,,,,,,,,,,,,,,,,,,,,,,,,,
,,,,,,,,,,,,,,,,,,,,,,,,,,
,,,,,,,,,,,,,,,,,,,,,,,,,,
,,,,,,,,,,,,,,,,,,,,,,,,,,
,,,,,,,,,,,,,,,,,,,,,,,,,,
,,,,,,,,,,,,,,,,,,,,,,,,,,
,,,,,,,,,,,,,,,,,,,,,,,,,,
,,,,,,,,,,,,,,,,,,,,,,,,,,
,,,,,,,,,,,,,,,,,,,,,,,,,,
,,,,,,,,,,,,,,,,,,,,,,,,,,
,,,,,,,,,,,,,,,,,,,,,,,,,,
,,,,,,,,,,,,,,,,,,,,,,,,,,
,,,,,,,,,,,,,,,,,,,,,,,,,,
,,,,,,,,,,,,,,,,,,,,,,,,,,
,,,,,,,,,,,,,,,,,,,,,,,,,,
,,,,,,,,,,,,,,,,,,,,,,,,,,
,,,,,,,,,,,,,,,,,,,,,,,,,,
,,,,,,,,,,,,,,,,,,,,,,,,,,
,,,,,,,,,,,,,,,,,,,,,,,,,,
,,,,,,,,,,,,,,,,,,,,,,,,,,
,,,,,,,,,,,,,,,,,,,,,,,,,,
,,,,,,,,,,,,,,,,,,,,,,,,,,
,,,,,,,,,,,,,,,,,,,,,,,,,,
,,,,,,,,,,,,,,,,,,,,,,,,,,
,,,,,,,,,,,,,,,,,,,,,,,,,,
,,,,,,,,,,,,,,,,,,,,,,,,,,
,,,,,,,,,,,,,,,,,,,,,,,,,,
,,,,,,,,,,,,,,,,,,,,,,,,,,
,,,,,,,,,,,,,,,,,,,,,,,,,,
,,,,,,,,,,,,,,,,,,,,,,,,,,
,,,,,,,,,,,,,,,,,,,,,,,,,,
,,,,,,,,,,,,,,,,,,,,,,,,,,
,,,,,,,,,,,,,,,,,,,,,,,,,,
,,,,,,,,,,,,,,,,,,,,,,,,,,
,,,,,,,,,,,,,,,,,,,,,,,,,,
,,,,,,,,,,,,,,,,,,,,,,,,,,
,,,,,,,,,,,,,,,,,,,,,,,,,,
,,,,,,,,,,,,,,,,,,,,,,,,,,
,,,,,,,,,,,,,,,,,,,,,,,,,,
,,,,,,,,,,,,,,,,,,,,,,,,,,
,,,,,,,,,,,,,,,,,,,,,,,,,,
,,,,,,,,,,,,,,,,,,,,,,,,,,
,,,,,,,,,,,,,,,,,,,,,,,,,,
,,,,,,,,,,,,,,,,,,,,,,,,,,
,,,,,,,,,,,,,,,,,,,,,,,,,,
,,,,,,,,,,,,,,,,,,,,,,,,,,
,,,,,,,,,,,,,,,,,,,,,,,,,,
,,,,,,,,,,,,,,,,,,,,,,,,,,
,,,,,,,,,,,,,,,,,,,,,,,,,,
,,,,,,,,,,,,,,,,,,,,,,,,,,
,,,,,,,,,,,,,,,,,,,,,,,,,,
,,,,,,,,,,,,,,,,,,,,,,,,,,
,,,,,,,,,,,,,,,,,,,,,,,,,,
,,,,,,,,,,,,,,,,,,,,,,,,,,
,,,,,,,,,,,,,,,,,,,,,,,,,,
,,,,,,,,,,,,,,,,,,,,,,,,,,
,,,,,,,,,,,,,,,,,,,,,,,,,,
,,,,,,,,,,,,,,,,,,,,,,,,,,
,,,,,,,,,,,,,,,,,,,,,,,,,,
,,,,,,,,,,,,,,,,,,,,,,,,,,
,,,,,,,,,,,,,,,,,,,,,,,,,,
,,,,,,,,,,,,,,,,,,,,,,,,,,
,,,,,,,,,,,,,,,,,,,,,,,,,,
,,,,,,,,,,,,,,,,,,,,,,,,,,
,,,,,,,,,,,,,,,,,,,,,,,,,,
,,,,,,,,,,,,,,,,,,,,,,,,,,
,,,,,,,,,,,,,,,,,,,,,,,,,,
,,,,,,,,,,,,,,,,,,,,,,,,,,
,,,,,,,,,,,,,,,,,,,,,,,,,,
,,,,,,,,,,,,,,,,,,,,,,,,,,
,,,,,,,,,,,,,,,,,,,,,,,,,,
,,,,,,,,,,,,,,,,,,,,,,,,,,
,,,,,,,,,,,,,,,,,,,,,,,,,,
,,,,,,,,,,,,,,,,,,,,,,,,,,
,,,,,,,,,,,,,,,,,,,,,,,,,,
,,,,,,,,,,,,,,,,,,,,,,,,,,
,,,,,,,,,,,,,,,,,,,,,,,,,,
,,,,,,,,,,,,,,,,,,,,,,,,,,
,,,,,,,,,,,,,,,,,,,,,,,,,,
,,,,,,,,,,,,,,,,,,,,,,,,,,
,,,,,,,,,,,,,,,,,,,,,,,,,,
,,,,,,,,,,,,,,,,,,,,,,,,,,
,,,,,,,,,,,,,,,,,,,,,,,,,,
,,,,,,,,,,,,,,,,,,,,,,,,,,
,,,,,,,,,,,,,,,,,,,,,,,,,,
,,,,,,,,,,,,,,,,,,,,,,,,,,
,,,,,,,,,,,,,,,,,,,,,,,,,,
,,,,,,,,,,,,,,,,,,,,,,,,,,
,,,,,,,,,,,,,,,,,,,,,,,,,,
,,,,,,,,,,,,,,,,,,,,,,,,,,
,,,,,,,,,,,,,,,,,,,,,,,,,,
,,,,,,,,,,,,,,,,,,,,,,,,,,
,,,,,,,,,,,,,,,,,,,,,,,,,,
,,,,,,,,,,,,,,,,,,,,,,,,,,
,,,,,,,,,,,,,,,,,,,,,,,,,,
,,,,,,,,,,,,,,,,,,,,,,,,,,
,,,,,,,,,,,,,,,,,,,,,,,,,,
,,,,,,,,,,,,,,,,,,,,,,,,,,
,,,,,,,,,,,,,,,,,,,,,,,,,,
,,,,,,,,,,,,,,,,,,,,,,,,,,
,,,,,,,,,,,,,,,,,,,,,,,,,,
,,,,,,,,,,,,,,,,,,,,,,,,,,
,,,,,,,,,,,,,,,,,,,,,,,,,,
,,,,,,,,,,,,,,,,,,,,,,,,,,
,,,,,,,,,,,,,,,,,,,,,,,,,,
,,,,,,,,,,,,,,,,,,,,,,,,,,
,,,,,,,,,,,,,,,,,,,,,,,,,,
,,,,,,,,,,,,,,,,,,,,,,,,,,
,,,,,,,,,,,,,,,,,,,,,,,,,,
,,,,,,,,,,,,,,,,,,,,,,,,,,
,,,,,,,,,,,,,,,,,,,,,,,,,,
,,,,,,,,,,,,,,,,,,,,,,,,,,
,,,,,,,,,,,,,,,,,,,,,,,,,,
,,,,,,,,,,,,,,,,,,,,,,,,,,
,,,,,,,,,,,,,,,,,,,,,,,,,,
,,,,,,,,,,,,,,,,,,,,,,,,,,
,,,,,,,,,,,,,,,,,,,,,,,,,,
,,,,,,,,,,,,,,,,,,,,,,,,,,
,,,,,,,,,,,,,,,,,,,,,,,,,,
,,,,,,,,,,,,,,,,,,,,,,,,,,
,,,,,,,,,,,,,,,,,,,,,,,,,,
,,,,,,,,,,,,,,,,,,,,,,,,,,
,,,,,,,,,,,,,,,,,,,,,,,,,,
,,,,,,,,,,,,,,,,,,,,,,,,,,
,,,,,,,,,,,,,,,,,,,,,,,,,,
,,,,,,,,,,,,,,,,,,,,,,,,,,
,,,,,,,,,,,,,,,,,,,,,,,,,,
,,,,,,,,,,,,,,,,,,,,,,,,,,
,,,,,,,,,,,,,,,,,,,,,,,,,,
,,,,,,,,,,,,,,,,,,,,,,,,,,
,,,,,,,,,,,,,,,,,,,,,,,,,,
,,,,,,,,,,,,,,,,,,,,,,,,,,
,,,,,,,,,,,,,,,,,,,,,,,,,,
,,,,,,,,,,,,,,,,,,,,,,,,,,
,,,,,,,,,,,,,,,,,,,,,,,,,,
,,,,,,,,,,,,,,,,,,,,,,,,,,
,,,,,,,,,,,,,,,,,,,,,,,,,,
,,,,,,,,,,,,,,,,,,,,,,,,,,
,,,,,,,,,,,,,,,,,,,,,,,,,,
,,,,,,,,,,,,,,,,,,,,,,,,,,
,,,,,,,,,,,,,,,,,,,,,,,,,,
,,,,,,,,,,,,,,,,,,,,,,,,,,
,,,,,,,,,,,,,,,,,,,,,,,,,,
,,,,,,,,,,,,,,,,,,,,,,,,,,
,,,,,,,,,,,,,,,,,,,,,,,,,,
,,,,,,,,,,,,,,,,,,,,,,,,,,
,,,,,,,,,,,,,,,,,,,,,,,,,,
,,,,,,,,,,,,,,,,,,,,,,,,,,
,,,,,,,,,,,,,,,,,,,,,,,,,,
,,,,,,,,,,,,,,,,,,,,,,,,,,
,,,,,,,,,,,,,,,,,,,,,,,,,,
,,,,,,,,,,,,,,,,,,,,,,,,,,
,,,,,,,,,,,,,,,,,,,,,,,,,,
,,,,,,,,,,,,,,,,,,,,,,,,,,
,,,,,,,,,,,,,,,,,,,,,,,,,,
,,,,,,,,,,,,,,,,,,,,,,,,,,
,,,,,,,,,,,,,,,,,,,,,,,,,,
,,,,,,,,,,,,,,,,,,,,,,,,,,
,,,,,,,,,,,,,,,,,,,,,,,,,,
,,,,,,,,,,,,,,,,,,,,,,,,,,
,,,,,,,,,,,,,,,,,,,,,,,,,,
,,,,,,,,,,,,,,,,,,,,,,,,,,
,,,,,,,,,,,,,,,,,,,,,,,,,,
,,,,,,,,,,,,,,,,,,,,,,,,,,
,,,,,,,,,,,,,,,,,,,,,,,,,,
,,,,,,,,,,,,,,,,,,,,,,,,,,
,,,,,,,,,,,,,,,,,,,,,,,,,,
,,,,,,,,,,,,,,,,,,,,,,,,,,
,,,,,,,,,,,,,,,,,,,,,,,,,,
,,,,,,,,,,,,,,,,,,,,,,,,,,
,,,,,,,,,,,,,,,,,,,,,,,,,,
,,,,,,,,,,,,,,,,,,,,,,,,,,
,,,,,,,,,,,,,,,,,,,,,,,,,,
,,,,,,,,,,,,,,,,,,,,,,,,,,
,,,,,,,,,,,,,,,,,,,,,,,,,,
,,,,,,,,,,,,,,,,,,,,,,,,,,
,,,,,,,,,,,,,,,,,,,,,,,,,,
,,,,,,,,,,,,,,,,,,,,,,,,,,
,,,,,,,,,,,,,,,,,,,,,,,,,,
,,,,,,,,,,,,,,,,,,,,,,,,,,
,,,,,,,,,,,,,,,,,,,,,,,,,,
,,,,,,,,,,,,,,,,,,,,,,,,,,
,,,,,,,,,,,,,,,,,,,,,,,,,,
,,,,,,,,,,,,,,,,,,,,,,,,,,
,,,,,,,,,,,,,,,,,,,,,,,,,,
,,,,,,,,,,,,,,,,,,,,,,,,,,
,,,,,,,,,,,,,,,,,,,,,,,,,,
,,,,,,,,,,,,,,,,,,,,,,,,,,
,,,,,,,,,,,,,,,,,,,,,,,,,,
,,,,,,,,,,,,,,,,,,,,,,,,,,
,,,,,,,,,,,,,,,,,,,,,,,,,,
,,,,,,,,,,,,,,,,,,,,,,,,,,
,,,,,,,,,,,,,,,,,,,,,,,,,,
,,,,,,,,,,,,,,,,,,,,,,,,,,
,,,,,,,,,,,,,,,,,,,,,,,,,,
,,,,,,,,,,,,,,,,,,,,,,,,,,
,,,,,,,,,,,,,,,,,,,,,,,,,,
,,,,,,,,,,,,,,,,,,,,,,,,,,
,,,,,,,,,,,,,,,,,,,,,,,,,,
,,,,,,,,,,,,,,,,,,,,,,,,,,
,,,,,,,,,,,,,,,,,,,,,,,,,,
,,,,,,,,,,,,,,,,,,,,,,,,,,
,,,,,,,,,,,,,,,,,,,,,,,,,,
,,,,,,,,,,,,,,,,,,,,,,,,,,
,,,,,,,,,,,,,,,,,,,,,,,,,,
,,,,,,,,,,,,,,,,,,,,,,,,,,
,,,,,,,,,,,,,,,,,,,,,,,,,,
,,,,,,,,,,,,,,,,,,,,,,,,,,
,,,,,,,,,,,,,,,,,,,,,,,,,,
,,,,,,,,,,,,,,,,,,,,,,,,,,
,,,,,,,,,,,,,,,,,,,,,,,,,,
,,,,,,,,,,,,,,,,,,,,,,,,,,
,,,,,,,,,,,,,,,,,,,,,,,,,,
,,,,,,,,,,,,,,,,,,,,,,,,,,
,,,,,,,,,,,,,,,,,,,,,,,,,,
,,,,,,,,,,,,,,,,,,,,,,,,,,
,,,,,,,,,,,,,,,,,,,,,,,,,,
,,,,,,,,,,,,,,,,,,,,,,,,,,
,,,,,,,,,,,,,,,,,,,,,,,,,,
,,,,,,,,,,,,,,,,,,,,,,,,,,
,,,,,,,,,,,,,,,,,,,,,,,,,,
,,,,,,,,,,,,,,,,,,,,,,,,,,
,,,,,,,,,,,,,,,,,,,,,,,,,,
,,,,,,,,,,,,,,,,,,,,,,,,,,
,,,,,,,,,,,,,,,,,,,,,,,,,,
,,,,,,,,,,,,,,,,,,,,,,,,,,
,,,,,,,,,,,,,,,,,,,,,,,,,,
,,,,,,,,,,,,,,,,,,,,,,,,,,
,,,,,,,,,,,,,,,,,,,,,,,,,,
,,,,,,,,,,,,,,,,,,,,,,,,,,
,,,,,,,,,,,,,,,,,,,,,,,,,,
,,,,,,,,,,,,,,,,,,,,,,,,,,
,,,,,,,,,,,,,,,,,,,,,,,,,,
,,,,,,,,,,,,,,,,,,,,,,,,,,
,,,,,,,,,,,,,,,,,,,,,,,,,,
,,,,,,,,,,,,,,,,,,,,,,,,,,
,,,,,,,,,,,,,,,,,,,,,,,,,,
,,,,,,,,,,,,,,,,,,,,,,,,,,
,,,,,,,,,,,,,,,,,,,,,,,,,,
,,,,,,,,,,,,,,,,,,,,,,,,,,
,,,,,,,,,,,,,,,,,,,,,,,,,,
,,,,,,,,,,,,,,,,,,,,,,,,,,
,,,,,,,,,,,,,,,,,,,,,,,,,,
,,,,,,,,,,,,,,,,,,,,,,,,,,
,,,,,,,,,,,,,,,,,,,,,,,,,,
,,,,,,,,,,,,,,,,,,,,,,,,,,
,,,,,,,,,,,,,,,,,,,,,,,,,,
,,,,,,,,,,,,,,,,,,,,,,,,,,
,,,,,,,,,,,,,,,,,,,,,,,,,,
,,,,,,,,,,,,,,,,,,,,,,,,,,
,,,,,,,,,,,,,,,,,,,,,,,,,,
,,,,,,,,,,,,,,,,,,,,,,,,,,
,,,,,,,,,,,,,,,,,,,,,,,,,,
,,,,,,,,,,,,,,,,,,,,,,,,,,
,,,,,,,,,,,,,,,,,,,,,,,,,,
,,,,,,,,,,,,,,,,,,,,,,,,,,
,,,,,,,,,,,,,,,,,,,,,,,,,,
,,,,,,,,,,,,,,,,,,,,,,,,,,
,,,,,,,,,,,,,,,,,,,,,,,,,,
,,,,,,,,,,,,,,,,,,,,,,,,,,
,,,,,,,,,,,,,,,,,,,,,,,,,,
,,,,,,,,,,,,,,,,,,,,,,,,,,
,,,,,,,,,,,,,,,,,,,,,,,,,,
,,,,,,,,,,,,,,,,,,,,,,,,,,
,,,,,,,,,,,,,,,,,,,,,,,,,,
,,,,,,,,,,,,,,,,,,,,,,,,,,
,,,,,,,,,,,,,,,,,,,,,,,,,,
,,,,,,,,,,,,,,,,,,,,,,,,,,
,,,,,,,,,,,,,,,,,,,,,,,,,,
,,,,,,,,,,,,,,,,,,,,,,,,,,
,,,,,,,,,,,,,,,,,,,,,,,,,,
,,,,,,,,,,,,,,,,,,,,,,,,,,
,,,,,,,,,,,,,,,,,,,,,,,,,,
,,,,,,,,,,,,,,,,,,,,,,,,,,
,,,,,,,,,,,,,,,,,,,,,,,,,,
,,,,,,,,,,,,,,,,,,,,,,,,,,
,,,,,,,,,,,,,,,,,,,,,,,,,,
,,,,,,,,,,,,,,,,,,,,,,,,,,
,,,,,,,,,,,,,,,,,,,,,,,,,,
,,,,,,,,,,,,,,,,,,,,,,,,,,
,,,,,,,,,,,,,,,,,,,,,,,,,,
,,,,,,,,,,,,,,,,,,,,,,,,,,
,,,,,,,,,,,,,,,,,,,,,,,,,,
,,,,,,,,,,,,,,,,,,,,,,,,,,
,,,,,,,,,,,,,,,,,,,,,,,,,,
,,,,,,,,,,,,,,,,,,,,,,,,,,
,,,,,,,,,,,,,,,,,,,,,,,,,,
,,,,,,,,,,,,,,,,,,,,,,,,,,
,,,,,,,,,,,,,,,,,,,,,,,,,,
,,,,,,,,,,,,,,,,,,,,,,,,,,
,,,,,,,,,,,,,,,,,,,,,,,,,,
,,,,,,,,,,,,,,,,,,,,,,,,,,
,,,,,,,,,,,,,,,,,,,,,,,,,,
,,,,,,,,,,,,,,,,,,,,,,,,,,
,,,,,,,,,,,,,,,,,,,,,,,,,,
,,,,,,,,,,,,,,,,,,,,,,,,,,
,,,,,,,,,,,,,,,,,,,,,,,,,,
,,,,,,,,,,,,,,,,,,,,,,,,,,
,,,,,,,,,,,,,,,,,,,,,,,,,,
,,,,,,,,,,,,,,,,,,,,,,,,,,
,,,,,,,,,,,,,,,,,,,,,,,,,,
,,,,,,,,,,,,,,,,,,,,,,,,,,
,,,,,,,,,,,,,,,,,,,,,,,,,,
,,,,,,,,,,,,,,,,,,,,,,,,,,
,,,,,,,,,,,,,,,,,,,,,,,,,,
,,,,,,,,,,,,,,,,,,,,,,,,,,
,,,,,,,,,,,,,,,,,,,,,,,,,,
,,,,,,,,,,,,,,,,,,,,,,,,,,
,,,,,,,,,,,,,,,,,,,,,,,,,,
,,,,,,,,,,,,,,,,,,,,,,,,,,
,,,,,,,,,,,,,,,,,,,,,,,,,,
,,,,,,,,,,,,,,,,,,,,,,,,,,
,,,,,,,,,,,,,,,,,,,,,,,,,,
,,,,,,,,,,,,,,,,,,,,,,,,,,
,,,,,,,,,,,,,,,,,,,,,,,,,,
,,,,,,,,,,,,,,,,,,,,,,,,,,
,,,,,,,,,,,,,,,,,,,,,,,,,,
,,,,,,,,,,,,,,,,,,,,,,,,,,
,,,,,,,,,,,,,,,,,,,,,,,,,,
,,,,,,,,,,,,,,,,,,,,,,,,,,
,,,,,,,,,,,,,,,,,,,,,,,,,,
,,,,,,,,,,,,,,,,,,,,,,,,,,
,,,,,,,,,,,,,,,,,,,,,,,,,,
,,,,,,,,,,,,,,,,,,,,,,,,,,
,,,,,,,,,,,,,,,,,,,,,,,,,,
,,,,,,,,,,,,,,,,,,,,,,,,,,
,,,,,,,,,,,,,,,,,,,,,,,,,,
,,,,,,,,,,,,,,,,,,,,,,,,,,
,,,,,,,,,,,,,,,,,,,,,,,,,,
,,,,,,,,,,,,,,,,,,,,,,,,,,
,,,,,,,,,,,,,,,,,,,,,,,,,,
,,,,,,,,,,,,,,,,,,,,,,,,,,
,,,,,,,,,,,,,,,,,,,,,,,,,,
,,,,,,,,,,,,,,,,,,,,,,,,,,
,,,,,,,,,,,,,,,,,,,,,,,,,,
,,,,,,,,,,,,,,,,,,,,,,,,,,
,,,,,,,,,,,,,,,,,,,,,,,,,,
,,,,,,,,,,,,,,,,,,,,,,,,,,
,,,,,,,,,,,,,,,,,,,,,,,,,,
,,,,,,,,,,,,,,,,,,,,,,,,,,
,,,,,,,,,,,,,,,,,,,,,,,,,,
,,,,,,,,,,,,,,,,,,,,,,,,,,
,,,,,,,,,,,,,,,,,,,,,,,,,,
,,,,,,,,,,,,,,,,,,,,,,,,,,
,,,,,,,,,,,,,,,,,,,,,,,,,,
,,,,,,,,,,,,,,,,,,,,,,,,,,
,,,,,,,,,,,,,,,,,,,,,,,,,,
,,,,,,,,,,,,,,,,,,,,,,,,,,
,,,,,,,,,,,,,,,,,,,,,,,,,,
,,,,,,,,,,,,,,,,,,,,,,,,,,
,,,,,,,,,,,,,,,,,,,,,,,,,,
,,,,,,,,,,,,,,,,,,,,,,,,,,
,,,,,,,,,,,,,,,,,,,,,,,,,,
,,,,,,,,,,,,,,,,,,,,,,,,,,
,,,,,,,,,,,,,,,,,,,,,,,,,,
,,,,,,,,,,,,,,,,,,,,,,,,,,
,,,,,,,,,,,,,,,,,,,,,,,,,,
,,,,,,,,,,,,,,,,,,,,,,,,,,
,,,,,,,,,,,,,,,,,,,,,,,,,,
,,,,,,,,,,,,,,,,,,,,,,,,,,
,,,,,,,,,,,,,,,,,,,,,,,,,,
,,,,,,,,,,,,,,,,,,,,,,,,,,
,,,,,,,,,,,,,,,,,,,,,,,,,,
,,,,,,,,,,,,,,,,,,,,,,,,,,
,,,,,,,,,,,,,,,,,,,,,,,,,,
,,,,,,,,,,,,,,,,,,,,,,,,,,
,,,,,,,,,,,,,,,,,,,,,,,,,,
,,,,,,,,,,,,,,,,,,,,,,,,,,
,,,,,,,,,,,,,,,,,,,,,,,,,,
,,,,,,,,,,,,,,,,,,,,,,,,,,
,,,,,,,,,,,,,,,,,,,,,,,,,,
,,,,,,,,,,,,,,,,,,,,,,,,,,
,,,,,,,,,,,,,,,,,,,,,,,,,,
,,,,,,,,,,,,,,,,,,,,,,,,,,
,,,,,,,,,,,,,,,,,,,,,,,,,,
,,,,,,,,,,,,,,,,,,,,,,,,,,
,,,,,,,,,,,,,,,,,,,,,,,,,,
,,,,,,,,,,,,,,,,,,,,,,,,,,
,,,,,,,,,,,,,,,,,,,,,,,,,,
,,,,,,,,,,,,,,,,,,,,,,,,,,
,,,,,,,,,,,,,,,,,,,,,,,,,,
,,,,,,,,,,,,,,,,,,,,,,,,,,
,,,,,,,,,,,,,,,,,,,,,,,,,,
,,,,,,,,,,,,,,,,,,,,,,,,,,
,,,,,,,,,,,,,,,,,,,,,,,,,,
,,,,,,,,,,,,,,,,,,,,,,,,,,
,,,,,,,,,,,,,,,,,,,,,,,,,,
,,,,,,,,,,,,,,,,,,,,,,,,,,
,,,,,,,,,,,,,,,,,,,,,,,,,,
,,,,,,,,,,,,,,,,,,,,,,,,,,
,,,,,,,,,,,,,,,,,,,,,,,,,,
,,,,,,,,,,,,,,,,,,,,,,,,,,
,,,,,,,,,,,,,,,,,,,,,,,,,,
,,,,,,,,,,,,,,,,,,,,,,,,,,
,,,,,,,,,,,,,,,,,,,,,,,,,,
,,,,,,,,,,,,,,,,,,,,,,,,,,
,,,,,,,,,,,,,,,,,,,,,,,,,,
,,,,,,,,,,,,,,,,,,,,,,,,,,
,,,,,,,,,,,,,,,,,,,,,,,,,,
,,,,,,,,,,,,,,,,,,,,,,,,,,
,,,,,,,,,,,,,,,,,,,,,,,,,,
,,,,,,,,,,,,,,,,,,,,,,,,,,
,,,,,,,,,,,,,,,,,,,,,,,,,,
,,,,,,,,,,,,,,,,,,,,,,,,,,
,,,,,,,,,,,,,,,,,,,,,,,,,,
,,,,,,,,,,,,,,,,,,,,,,,,,,
,,,,,,,,,,,,,,,,,,,,,,,,,,
,,,,,,,,,,,,,,,,,,,,,,,,,,
,,,,,,,,,,,,,,,,,,,,,,,,,,
,,,,,,,,,,,,,,,,,,,,,,,,,,
,,,,,,,,,,,,,,,,,,,,,,,,,,
,,,,,,,,,,,,,,,,,,,,,,,,,,
,,,,,,,,,,,,,,,,,,,,,,,,,,
,,,,,,,,,,,,,,,,,,,,,,,,,,
,,,,,,,,,,,,,,,,,,,,,,,,,,
,,,,,,,,,,,,,,,,,,,,,,,,,,
,,,,,,,,,,,,,,,,,,,,,,,,,,
,,,,,,,,,,,,,,,,,,,,,,,,,,
,,,,,,,,,,,,,,,,,,,,,,,,,,
,,,,,,,,,,,,,,,,,,,,,,,,,,
,,,,,,,,,,,,,,,,,,,,,,,,,,
,,,,,,,,,,,,,,,,,,,,,,,,,,
,,,,,,,,,,,,,,,,,,,,,,,,,,
,,,,,,,,,,,,,,,,,,,,,,,,,,
,,,,,,,,,,,,,,,,,,,,,,,,,,
,,,,,,,,,,,,,,,,,,,,,,,,,,
,,,,,,,,,,,,,,,,,,,,,,,,,,
,,,,,,,,,,,,,,,,,,,,,,,,,,
,,,,,,,,,,,,,,,,,,,,,,,,,,
,,,,,,,,,,,,,,,,,,,,,,,,,,
,,,,,,,,,,,,,,,,,,,,,,,,,,
,,,,,,,,,,,,,,,,,,,,,,,,,,
,,,,,,,,,,,,,,,,,,,,,,,,,,
,,,,,,,,,,,,,,,,,,,,,,,,,,
,,,,,,,,,,,,,,,,,,,,,,,,,,
,,,,,,,,,,,,,,,,,,,,,,,,,,
,,,,,,,,,,,,,,,,,,,,,,,,,,
,,,,,,,,,,,,,,,,,,,,,,,,,,
,,,,,,,,,,,,,,,,,,,,,,,,,,
,,,,,,,,,,,,,,,,,,,,,,,,,,
,,,,,,,,,,,,,,,,,,,,,,,,,,
,,,,,,,,,,,,,,,,,,,,,,,,,,
,,,,,,,,,,,,,,,,,,,,,,,,,,
,,,,,,,,,,,,,,,,,,,,,,,,,,
,,,,,,,,,,,,,,,,,,,,,,,,,,
,,,,,,,,,,,,,,,,,,,,,,,,,,
,,,,,,,,,,,,,,,,,,,,,,,,,,
,,,,,,,,,,,,,,,,,,,,,,,,,,
,,,,,,,,,,,,,,,,,,,,,,,,,,
,,,,,,,,,,,,,,,,,,,,,,,,,,
,,,,,,,,,,,,,,,,,,,,,,,,,,
,,,,,,,,,,,,,,,,,,,,,,,,,,
,,,,,,,,,,,,,,,,,,,,,,,,,,
,,,,,,,,,,,,,,,,,,,,,,,,,,
,,,,,,,,,,,,,,,,,,,,,,,,,,
,,,,,,,,,,,,,,,,,,,,,,,,,,
,,,,,,,,,,,,,,,,,,,,,,,,,,
,,,,,,,,,,,,,,,,,,,,,,,,,,
,,,,,,,,,,,,,,,,,,,,,,,,,,
,,,,,,,,,,,,,,,,,,,,,,,,,,
,,,,,,,,,,,,,,,,,,,,,,,,,,
,,,,,,,,,,,,,,,,,,,,,,,,,,
,,,,,,,,,,,,,,,,,,,,,,,,,,
,,,,,,,,,,,,,,,,,,,,,,,,,,
,,,,,,,,,,,,,,,,,,,,,,,,,,
,,,,,,,,,,,,,,,,,,,,,,,,,,
,,,,,,,,,,,,,,,,,,,,,,,,,,
,,,,,,,,,,,,,,,,,,,,,,,,,,
,,,,,,,,,,,,,,,,,,,,,,,,,,
,,,,,,,,,,,,,,,,,,,,,,,,,,
,,,,,,,,,,,,,,,,,,,,,,,,,,
,,,,,,,,,,,,,,,,,,,,,,,,,,
,,,,,,,,,,,,,,,,,,,,,,,,,,
,,,,,,,,,,,,,,,,,,,,,,,,,,
,,,,,,,,,,,,,,,,,,,,,,,,,,
,,,,,,,,,,,,,,,,,,,,,,,,,,
,,,,,,,,,,,,,,,,,,,,,,,,,,
,,,,,,,,,,,,,,,,,,,,,,,,,,
,,,,,,,,,,,,,,,,,,,,,,,,,,
,,,,,,,,,,,,,,,,,,,,,,,,,,
,,,,,,,,,,,,,,,,,,,,,,,,,,
,,,,,,,,,,,,,,,,,,,,,,,,,,
,,,,,,,,,,,,,,,,,,,,,,,,,,
,,,,,,,,,,,,,,,,,,,,,,,,,,
,,,,,,,,,,,,,,,,,,,,,,,,,,
,,,,,,,,,,,,,,,,,,,,,,,,,,
,,,,,,,,,,,,,,,,,,,,,,,,,,
,,,,,,,,,,,,,,,,,,,,,,,,,,
,,,,,,,,,,,,,,,,,,,,,,,,,,
,,,,,,,,,,,,,,,,,,,,,,,,,,
,,,,,,,,,,,,,,,,,,,,,,,,,,
,,,,,,,,,,,,,,,,,,,,,,,,,,
,,,,,,,,,,,,,,,,,,,,,,,,,,
,,,,,,,,,,,,,,,,,,,,,,,,,,
,,,,,,,,,,,,,,,,,,,,,,,,,,
,,,,,,,,,,,,,,,,,,,,,,,,,,
,,,,,,,,,,,,,,,,,,,,,,,,,,
,,,,,,,,,,,,,,,,,,,,,,,,,,
,,,,,,,,,,,,,,,,,,,,,,,,,,
,,,,,,,,,,,,,,,,,,,,,,,,,,
,,,,,,,,,,,,,,,,,,,,,,,,,,
,,,,,,,,,,,,,,,,,,,,,,,,,,
,,,,,,,,,,,,,,,,,,,,,,,,,,
,,,,,,,,,,,,,,,,,,,,,,,,,,
,,,,,,,,,,,,,,,,,,,,,,,,,,
,,,,,,,,,,,,,,,,,,,,,,,,,,
,,,,,,,,,,,,,,,,,,,,,,,,,,
,,,,,,,,,,,,,,,,,,,,,,,,,,
,,,,,,,,,,,,,,,,,,,,,,,,,,
,,,,,,,,,,,,,,,,,,,,,,,,,,
,,,,,,,,,,,,,,,,,,,,,,,,,,
,,,,,,,,,,,,,,,,,,,,,,,,,,
,,,,,,,,,,,,,,,,,,,,,,,,,,
,,,,,,,,,,,,,,,,,,,,,,,,,,
,,,,,,,,,,,,,,,,,,,,,,,,,,
,,,,,,,,,,,,,,,,,,,,,,,,,,
,,,,,,,,,,,,,,,,,,,,,,,,,,
,,,,,,,,,,,,,,,,,,,,,,,,,,
,,,,,,,,,,,,,,,,,,,,,,,,,,
,,,,,,,,,,,,,,,,,,,,,,,,,,
,,,,,,,,,,,,,,,,,,,,,,,,,,
,,,,,,,,,,,,,,,,,,,,,,,,,,
,,,,,,,,,,,,,,,,,,,,,,,,,,
,,,,,,,,,,,,,,,,,,,,,,,,,,
,,,,,,,,,,,,,,,,,,,,,,,,,,
,,,,,,,,,,,,,,,,,,,,,,,,,,
,,,,,,,,,,,,,,,,,,,,,,,,,,
,,,,,,,,,,,,,,,,,,,,,,,,,,
,,,,,,,,,,,,,,,,,,,,,,,,,,
,,,,,,,,,,,,,,,,,,,,,,,,,,
,,,,,,,,,,,,,,,,,,,,,,,,,,
,,,,,,,,,,,,,,,,,,,,,,,,,,
,,,,,,,,,,,,,,,,,,,,,,,,,,
,,,,,,,,,,,,,,,,,,,,,,,,,,
,,,,,,,,,,,,,,,,,,,,,,,,,,
,,,,,,,,,,,,,,,,,,,,,,,,,,
,,,,,,,,,,,,,,,,,,,,,,,,,,
,,,,,,,,,,,,,,,,,,,,,,,,,,
,,,,,,,,,,,,,,,,,,,,,,,,,,
,,,,,,,,,,,,,,,,,,,,,,,,,,
,,,,,,,,,,,,,,,,,,,,,,,,,,
,,,,,,,,,,,,,,,,,,,,,,,,,,
,,,,,,,,,,,,,,,,,,,,,,,,,,
,,,,,,,,,,,,,,,,,,,,,,,,,,
,,,,,,,,,,,,,,,,,,,,,,,,,,
,,,,,,,,,,,,,,,,,,,,,,,,,,
,,,,,,,,,,,,,,,,,,,,,,,,,,
,,,,,,,,,,,,,,,,,,,,,,,,,,
,,,,,,,,,,,,,,,,,,,,,,,,,,
,,,,,,,,,,,,,,,,,,,,,,,,,,
,,,,,,,,,,,,,,,,,,,,,,,,,,
,,,,,,,,,,,,,,,,,,,,,,,,,,
,,,,,,,,,,,,,,,,,,,,,,,,,,
,,,,,,,,,,,,,,,,,,,,,,,,,,
,,,,,,,,,,,,,,,,,,,,,,,,,,
,,,,,,,,,,,,,,,,,,,,,,,,,,
,,,,,,,,,,,,,,,,,,,,,,,,,,
,,,,,,,,,,,,,,,,,,,,,,,,,,
,,,,,,,,,,,,,,,,,,,,,,,,,,
,,,,,,,,,,,,,,,,,,,,,,,,,,
,,,,,,,,,,,,,,,,,,,,,,,,,,
,,,,,,,,,,,,,,,,,,,,,,,,,,
,,,,,,,,,,,,,,,,,,,,,,,,,,
,,,,,,,,,,,,,,,,,,,,,,,,,,
,,,,,,,,,,,,,,,,,,,,,,,,,,
,,,,,,,,,,,,,,,,,,,,,,,,,,
,,,,,,,,,,,,,,,,,,,,,,,,,,
,,,,,,,,,,,,,,,,,,,,,,,,,,
,,,,,,,,,,,,,,,,,,,,,,,,,,
,,,,,,,,,,,,,,,,,,,,,,,,,,
,,,,,,,,,,,,,,,,,,,,,,,,,,
,,,,,,,,,,,,,,,,,,,,,,,,,,
,,,,,,,,,,,,,,,,,,,,,,,,,,
,,,,,,,,,,,,,,,,,,,,,,,,,,
,,,,,,,,,,,,,,,,,,,,,,,,,,
,,,,,,,,,,,,,,,,,,,,,,,,,,
,,,,,,,,,,,,,,,,,,,,,,,,,,
,,,,,,,,,,,,,,,,,,,,,,,,,,
,,,,,,,,,,,,,,,,,,,,,,,,,,
,,,,,,,,,,,,,,,,,,,,,,,,,,
,,,,,,,,,,,,,,,,,,,,,,,,,,
,,,,,,,,,,,,,,,,,,,,,,,,,,
,,,,,,,,,,,,,,,,,,,,,,,,,,
,,,,,,,,,,,,,,,,,,,,,,,,,,
,,,,,,,,,,,,,,,,,,,,,,,,,,
,,,,,,,,,,,,,,,,,,,,,,,,,,
,,,,,,,,,,,,,,,,,,,,,,,,,,
,,,,,,,,,,,,,,,,,,,,,,,,,,
,,,,,,,,,,,,,,,,,,,,,,,,,,
,,,,,,,,,,,,,,,,,,,,,,,,,,
,,,,,,,,,,,,,,,,,,,,,,,,,,
,,,,,,,,,,,,,,,,,,,,,,,,,,
,,,,,,,,,,,,,,,,,,,,,,,,,,
,,,,,,,,,,,,,,,,,,,,,,,,,,
,,,,,,,,,,,,,,,,,,,,,,,,,,
,,,,,,,,,,,,,,,,,,,,,,,,,,
,,,,,,,,,,,,,,,,,,,,,,,,,,
,,,,,,,,,,,,,,,,,,,,,,,,,,
,,,,,,,,,,,,,,,,,,,,,,,,,,
,,,,,,,,,,,,,,,,,,,,,,,,,,
,,,,,,,,,,,,,,,,,,,,,,,,,,
,,,,,,,,,,,,,,,,,,,,,,,,,,
,,,,,,,,,,,,,,,,,,,,,,,,,,
,,,,,,,,,,,,,,,,,,,,,,,,,,
,,,,,,,,,,,,,,,,,,,,,,,,,,
,,,,,,,,,,,,,,,,,,,,,,,,,,
,,,,,,,,,,,,,,,,,,,,,,,,,,
,,,,,,,,,,,,,,,,,,,,,,,,,,
,,,,,,,,,,,,,,,,,,,,,,,,,,
,,,,,,,,,,,,,,,,,,,,,,,,,,
,,,,,,,,,,,,,,,,,,,,,,,,,,
,,,,,,,,,,,,,,,,,,,,,,,,,,
,,,,,,,,,,,,,,,,,,,,,,,,,,
,,,,,,,,,,,,,,,,,,,,,,,,,,
,,,,,,,,,,,,,,,,,,,,,,,,,,
,,,,,,,,,,,,,,,,,,,,,,,,,,
,,,,,,,,,,,,,,,,,,,,,,,,,,
,,,,,,,,,,,,,,,,,,,,,,,,,,
,,,,,,,,,,,,,,,,,,,,,,,,,,
,,,,,,,,,,,,,,,,,,,,,,,,,,
,,,,,,,,,,,,,,,,,,,,,,,,,,
,,,,,,,,,,,,,,,,,,,,,,,,,,
,,,,,,,,,,,,,,,,,,,,,,,,,,
,,,,,,,,,,,,,,,,,,,,,,,,,,
,,,,,,,,,,,,,,,,,,,,,,,,,,
,,,,,,,,,,,,,,,,,,,,,,,,,,
,,,,,,,,,,,,,,,,,,,,,,,,,,
,,,,,,,,,,,,,,,,,,,,,,,,,,
,,,,,,,,,,,,,,,,,,,,,,,,,,
,,,,,,,,,,,,,,,,,,,,,,,,,,
,,,,,,,,,,,,,,,,,,,,,,,,,,
,,,,,,,,,,,,,,,,,,,,,,,,,,
,,,,,,,,,,,,,,,,,,,,,,,,,,
,,,,,,,,,,,,,,,,,,,,,,,,,,
,,,,,,,,,,,,,,,,,,,,,,,,,,
,,,,,,,,,,,,,,,,,,,,,,,,,,
,,,,,,,,,,,,,,,,,,,,,,,,,,
,,,,,,,,,,,,,,,,,,,,,,,,,,
,,,,,,,,,,,,,,,,,,,,,,,,,,
,,,,,,,,,,,,,,,,,,,,,,,,,,
,,,,,,,,,,,,,,,,,,,,,,,,,,
,,,,,,,,,,,,,,,,,,,,,,,,,,
,,,,,,,,,,,,,,,,,,,,,,,,,,
,,,,,,,,,,,,,,,,,,,,,,,,,,
,,,,,,,,,,,,,,,,,,,,,,,,,,
,,,,,,,,,,,,,,,,,,,,,,,,,,
,,,,,,,,,,,,,,,,,,,,,,,,,,
,,,,,,,,,,,,,,,,,,,,,,,,,,
,,,,,,,,,,,,,,,,,,,,,,,,,,
,,,,,,,,,,,,,,,,,,,,,,,,,,
,,,,,,,,,,,,,,,,,,,,,,,,,,
,,,,,,,,,,,,,,,,,,,,,,,,,,
,,,,,,,,,,,,,,,,,,,,,,,,,,
